composition,n_entries
SiO2,61
CdI2,26
LiMnPO4,19
LiCoPO4,16
LiFeSiO4,15
Hf2N2O,15
Al(HO)3,14
LiFeF4,12
LiSb(PO3)4,12
AlPO4,12
ZnS,12
Li2MnF4,11
LiNiPO4,11
LiMnF3,10
S,9
VOF3,9
VF5,9
LiMnP2O7,8
Zr2N2O,8
FePO4,8
LaAlO3,7
LiMnF4,7
Li2CuPO4,7
Sr2CaI6,7
Li2Cr2O7,7
Li2VF4,7
Li2MnSiO4,7
NaMnPCO7,7
Ca2SnS4,7
LiBi(PO3)4,7
Ca2SiO4,6
CrPO4,6
H2O,6
BN,6
Li2FeBO4,6
LiSbP2O7,6
Sn2P2O7,6
LiFeP2O7,6
PbI2,6
Li2FePCO7,6
Ba2SrI6,6
BaYF5,6
Na2LiMnPCO7,6
Mg2SiO4,6
Na3Li3Mn2P2(CO7)2,6
Li3V3P8O29,6
BaCaI4,6
LiMn(PO3)3,6
CaCO3,6
Ca(H8O5)2,6
V2O5,6
LiSn(PO3)3,6
Li3MnPCO7,6
LiSnPO4,6
Li2MnP2O7,6
N2,5
Ba2YBr7,5
Li4CO4,5
LiBiB2O5,5
Li2MnF6,5
NaPO3,5
Li3Cr(PO4)2,5
AgI,5
VO2F,5
Li2SnP2O7,5
LiVF4,5
Li2V(CO3)2,5
VPO5,5
H4N2O3,5
Li4AlCr3O8,5
MnP2O7,5
LiCu(PO3)2,5
MgSiO3,5
Dy2TiO5,5
Sr(H8O5)2,5
V3OF11,5
LiSiBiO4,5
LiV(PO4)2,5
LiVPO4,5
CaSnS3,5
WO3,5
BiOF,5
Na5LiMn2P2(CO7)2,4
LiMnF5,4
PbO,4
Li2AgF3,4
Ag2S,4
BaSrI4,4
Mn6OF11,4
Li2MnOF3,4
BaCO3,4
LiAgF2,4
LiCuCO3,4
H9BrO4,4
Ti3(BiO3)4,4
SrCaI4,4
Mg2TiO4,4
MgAl2O4,4
Na4CO4,4
H7NO6,4
Ba2YI7,4
Y2O3,4
LaF3,4
LiCrPO4,4
MgH2,4
Li3Sn2(PO4)3,4
Si2H2O3,4
Ti2N2O,4
Ba(HO)2,4
BaLaCl5,4
Li3Fe(PO4)2,4
LiCrP2O7,4
Li2CoP2O7,4
CuBr,4
LiMnOF2,4
WOF4,4
Li3Bi2(PO4)3,4
Rb4CO4,4
BaLaI5,4
Na3CuO2,4
V6O5F19,4
Li2CoSiO4,4
ZrO2,4
BaSr2I6,4
NaLi2MnPCO7,4
VF4,4
KNO3,4
Li3Cu3(PO4)2,4
Nb2O5,4
Li5SbS4,4
Li2Mn3F8,4
SeO2,4
Li3BiS3,4
LiVF3,4
TiO2,4
LiP4WO12,4
Li3CuS2,4
ReH3O5,3
Ta2CrNO5,3
BaYI5,3
NaMnO2,3
Bi2O3,3
LiMoP2O7,3
Li3Bi(BO3)2,3
Li2FeF5,3
TlCl,3
K4CO4,3
LiMn2(PO4)3,3
K2HfF6,3
Ho2(SeO3)3,3
Li5BiS4,3
La2WO6,3
Li5Cu(PO4)2,3
BaCeO3,3
CsPbCl3,3
YNb2NO5,3
Li3BN2,3
Li5SbS,3
LiCr(SiO3)2,3
C3N4,3
Na5Bi2As(CO4)4,3
BaNb2O6,3
Cd(HO)2,3
Sr2CdWO6,3
Sr(IO3)2,3
P(HO)3,3
Ba2CaI6,3
Rb3InO3,3
Ti3H2O7,3
BaCa(CO3)2,3
Bi(BO2)3,3
RbHO,3
LiCuS,3
LiV(PO3)3,3
SrLaCl5,3
Sb4O5F2,3
LiTi2(PO4)3,3
SrSm2O4,3
HfPbO3,3
KNO2,3
H2SO4,3
Li2MnPO4F,3
P2O5,3
Ba2In2O5,3
Sc2O3,3
LiFe(SiO3)2,3
KAl11O17,3
Ca4Nb2O9,3
K3Co(CN)6,3
LaMgI5,3
NaLi5Mn2P2(CO7)2,3
BeF2,3
SrCa2I6,3
Mo(HO2)2,3
NbOF3,3
Al2(WO4)3,3
Ga3NO3,3
Ga2WO6,3
ZnH20S2(NO7)2,3
ZnCrO4,3
Er3TaO7,3
Mg3(AsO4)2,3
CaPbI4,3
LiSb(TeO4)3,3
Ca3Ta2O8,3
Cr(PO3)3,3
Mn(IO3)2,3
Y2TeO6,3
LiZnPO4,3
CaGeO3,3
Tm2S3,3
NaH9O5,3
Li3Mn(BO3)2,3
LiBiP2O7,3
CdSeO4,3
Li3Sb(PO4)2,3
YHO2,3
AsS,3
LiMnPCO7,3
PC2S2N3,3
Na2Si2O5,3
Na3SnPCO7,3
MoH4O5,3
Ho2O3,3
LaSc3(BO3)4,3
Li2VP2O7,3
Li2Mn2F7,3
KNbO3,3
LiSn4(PO4)3,3
Sn(PO3)4,3
PNO,3
Ba2TiO4,3
Li3Co3OF7,3
AlF3,3
Li6Br3N,3
LiMn2F5,3
SnO2,3
Li2MnO2F,3
RbAlF4,3
LiCoSiO4,3
Li3VPCO7,3
H3ClO5,3
NbO2F,3
LiVSiO4,3
Sn(PO3)2,3
Na2TiSiO5,3
LiCrPO4F,3
H2,3
LiVF6,3
Dy2Zr2O7,3
Li3Bi(PO4)2,3
Ge2N2O,3
CaSO4,3
KMnF3,3
LiNbO3,3
Ta2MnO6,3
Tl2SeO4,3
Na3Zr2Si2PO12,3
CaSnO3,3
Li2FeSiO4,3
Li5La3Nb2O12,3
Li3CrPCO7,3
LiMnPH2O5,3
Li2Mn(SiO3)2,3
NaTaO3,3
C,3
Li2VCr(P2O7)2,3
Tm2O3,3
CaSiO3,3
KAlSiO4,3
NaSbO3,3
KMnO4,2
LaHoO3,2
Na2FeO4,2
Li2Mn2OF6,2
Tb3NbO7,2
ZrSeO,2
Li2MnH4(SO5)2,2
Li2Fe(CO3)2,2
Sm3NbO7,2
GaS,2
Li2UO4,2
LiIn(MoO4)2,2
Y2W2O9,2
CaF2,2
RbScO2,2
CrPbO4,2
Ca4Al6WO16,2
PbWO4,2
Li4Mn(OF)2,2
P4Se3,2
Sr(H2N)2,2
Tl2O,2
LiVF5,2
CNCl,2
Li2Ti3O7,2
SrBPO5,2
P2W2O11,2
Rb4SnO3,2
MnPO4,2
SbS(BrF2)3,2
Li4Bi2O5,2
NaBi5O8,2
Li2MnPO5,2
Li2MgBr4,2
ScBiO3,2
Li3Fe(BO3)2,2
P4S3I2,2
In2WO6,2
K2FeH4(SO5)2,2
Li2O2,2
Li2Ti3NiO8,2
Lu(HO)3,2
LiV2F7,2
Sr(HO)2,2
Li3SbS4,2
Ba2LaCl7,2
SnCl2,2
LiV(CO3)2,2
Ti3Zn2O8,2
Li7SbO6,2
Li2Ti(TeO4)3,2
Na3VS3O,2
Ag3SI,2
KUVO6,2
LiVO3,2
Ba(PO3)2,2
Ba3(SnP2)2,2
Gd3NbO7,2
LiBeH3,2
TiP2O7,2
SrSiO3,2
Li8Co(O2F)2,2
Be3N2,2
LaBiO3,2
Li5TaO5,2
Er2(WO4)3,2
Li2VOF5,2
La2O3,2
Hg2W2O7,2
NiH20S2(NO7)2,2
Li2V2O5F2,2
Li3VO3F2,2
NdF3,2
Li2V3(P2O7)2,2
KLiSO4,2
Ca2Ti6N2O11,2
Li4V7(PO4)6,2
Tm2WO6,2
H3NO4,2
Li4FeOF5,2
Ba(H8O5)2,2
H4SO5,2
H3NO,2
KSb4F13,2
Li2Co(CO3)2,2
Na2SnO3,2
Li8Mn(O2F)2,2
SmTlO2,2
KLiTi2(PO5)2,2
LuSBr,2
Sn2IF3,2
SbO2,2
K4PH5Se3O16,2
Na2Al2Si3(HO3)4,2
Ge7H18O23,2
NaV(PO4)2,2
Ba4LiNb3O12,2
Li2Cr(PO3)4,2
MnCO3,2
Ni2P2O7,2
Ba2Ti6N2O11,2
Y2HfO5,2
Sr2MgWO6,2
LiAlSiO4,2
Li3TiCo3O8,2
LiVGeO5,2
ErVO4,2
LiIO4,2
Ho2Sb2O7,2
Li8Fe(O2F)2,2
Li3MnF7,2
Ba2LaI7,2
Mg3P2,2
Na2MgSiO4,2
K3NaCr2O8,2
LuGaO3,2
PbF2,2
LiFe2(BO3)2,2
LiMn2F7,2
Li2U(WO5)2,2
TiSO5,2
LiCu5(PO4)2,2
LuAlO3,2
Li2Co(SiO3)2,2
LiVP2O7,2
Zn4As2O9,2
OsOF4,2
H4NClO4,2
Na2NiO2,2
Mg3P2(H22O15)2,2
CrH17N4Cl2O3,2
SrLaI5,2
Ba2Sc2O5,2
K2WO4,2
HoGaO3,2
VO2,2
Ca2B5H2ClO10,2
Li2Co2(SiO3)3,2
Li12Nb14ZnO42,2
Li3NbS4,2
H2SeO4,2
KSO4,2
Bi3O2F5,2
Li4MnF7,2
Ba2Y5Cl19,2
Sn2(SO4)3,2
Al2O3,2
InS,2
LiMnPO5,2
Ba2BiSbO6,2
LiNiP2O7,2
Nb2Bi2PbO9,2
Y2C(NO)2,2
NaMgFe(SO4)3,2
Nb2Cd2O7,2
BiAsO4,2
KHCO3,2
SrTa2Bi2O9,2
CaBr2,2
ZnCl2,2
H7SIO10,2
TaAlO4,2
PH6NO4,2
MgSO3,2
Hg2SeO3,2
HN,2
Ba4Ta2O9,2
SrGaBO4,2
LiCoSnO4,2
RbClO4,2
SnF2,2
ZrPbO3,2
Sr4Ta2O9,2
BaH4O3,2
SbSI,2
BaTi2O5,2
Li6Mn(OF)3,2
Li3CuF6,2
Zn3(BO3)2,2
Ba3Y2Br12,2
CuW3Br7,2
Tl2S,2
BaZnCl4,2
Hf3N2O3,2
Mg(IO3)2,2
Na2O,2
V2P2O7,2
Na2FePCO7,2
Na4BeAlSi4ClO12,2
ReO2F3,2
Li2CuF5,2
La2HfO5,2
Dy(ClO4)3,2
LiSnPCO7,2
LiCu2PO4,2
Li3SbS3,2
AgNO3,2
PBr2N,2
Na2Ti2O5,2
ThBr4,2
LiFePO4,2
Li2MnBr4,2
HgI2,2
P4WO13,2
BaCl2,2
LiMn(SiO3)2,2
ThCl4,2
MgO,2
Na8TiO6,2
Li2MnF5,2
MnF2,2
SbI3,2
CuCl,2
NbAgO3,2
HoTa3O9,2
V2CdO6,2
BiF3,2
Tm2GeO5,2
Li3VS4,2
Li2BiBO4,2
Cs3Sb2Cl9,2
Ho2WO6,2
Ga2PbO4,2
Li3Mn(OF)2,2
Li6Hf2O7,2
LiSi3BiO8,2
TiBr4,2
Si3N4,2
Cd(IO3)2,2
CdCl2,2
ZnPH5C2N4O3,2
KP(HO2)2,2
Li3CrSi2O7,2
Cd(PO3)2,2
BaB4O7,2
Li2AlFeO4,2
K2Pb(SO4)2,2
Li2CrSiO4,2
NaPH4O5,2
Li3Al(BO3)2,2
LiV(OF)2,2
TiSCl6O,2
LiSbWO6,2
Fe2C2O7,2
Rb3DyO3,2
SrLi2Nb2O7,2
LiFe(PO3)4,2
Li3SbO3,2
In2Si2O7,2
Gd2O3,2
Na2V3O7,2
LiV2OF5,2
CO2,2
LiInSe2,2
Ba3(ClO)2,2
Na2CuP2O7,2
Li3BiO4,2
Rb3ClO,2
LiCrSiO4,2
Li3Ni(BO3)2,2
H4CN2O,2
Zn2P2O7,2
LiP5,2
LiMnBO3,2
H6CN2O3,2
LiLa4MnO8,2
H5IO6,2
Se,2
RbCuC2,2
TlInS2,2
CaLaI5,2
Li2AlNiO4,2
H4CSN2,2
P2Pb3O8,2
Li2Te2O5,2
GaN,2
MoCl3,2
Sb5IO7,2
Li7VGeO8,2
TlBr,2
NaS,2
ZnO,2
Dy2WO6,2
LiLa5Ti8O24,2
Sm2WO6,2
Pb2SO5,2
ZrBrN,2
KAgCO3,2
Al11AgO17,2
Tb2(WO4)3,2
Cd(InSe2)2,2
Li4Cr3GaO8,2
LiFe(CO3)2,2
SO3,2
ZnTe,2
Li4Cr3CoO8,2
Li3Ti(PO4)2,2
La2Ti3O9,2
In2S3,2
NaSbCO2F3,2
LiTiP2O7,2
SnSe,2
KAsF6,2
Li2S,2
ScCuO2,2
BaSiO3,2
Ho2Ge2O7,2
YIO,2
GdOF,2
Sc(PO3)3,2
CrO3,2
Ba(CuS)2,2
CuI,2
Si3Os2,2
NbHO3,2
CdGeO3,2
Pr2O3,2
NaAlSiO4,2
Sr3Li3La5O12,2
ThSiO4,2
YbTiO3,2
Sn3(OF)2,2
TiCdO3,2
Mg2SnO4,2
LuCuPbSe3,2
Li2FeP2HO8,2
SbOF,2
SrNd2O4,2
Nb3O7F,2
BaCa2I6,2
SmAsO4,2
Hf(MoO4)2,2
Ca2MgSi2O7,2
CaGe2O5,2
SrTaNO2,2
Li2Cu3F8,2
TmHO2,2
YBrO,2
ZnSO4,2
Kr,2
Ta2Mn4O9,2
LiBO2,2
Ca3N2,2
RbN3,2
Li2Mn(PO3)4,2
TlSbO3,2
TiZn2O4,2
SmOF,2
UH12(NO7)2,2
LiMn(PO3)4,2
GaPO4,2
CaTeO3,2
La2SiO5,2
CsSn,2
LiCuO2,2
Li3Fe3(PO4)4,2
Gd(IO3)3,2
Li2Cr(PO3)5,2
MnBr2,2
LiMgN,2
GeO2,2
Y2GeO5,2
Li2TiO3,2
LiCoS2,2
NbPO5,2
Y2Hf2O7,2
Ce(WO4)2,2
Er2O3,2
CaH2(CO2)2,2
BC2N,2
LiAgF4,2
ReH22C4S4N8Cl8O3,2
NiP4O11,2
LiAlO2,2
KCN,2
MgCl2,2
Li3AlF6,2
SrSnO3,2
NaGdTiO4,2
Na4TiO4,2
ZnH3CNO3,2
HgH16(Br3N2)2,2
BH6N,2
Sr3MoN4,2
Na3YCl6,2
SiP2O7,2
Tb2Se3,2
NaZnAsO4,2
Si,2
Li2NiO3,2
ErP5O14,2
Gd3YO6,2
HoCuS2,2
Sr3La4O9,2
NaLiV2O6,2
Li7VN4,2
Er2Si2O7,2
H4IN,2
CaB3H5O8,2
Be2P2O7,2
HoTaO4,2
Cd2SnO4,2
Sm2Se3,2
Cd(GaO2)2,2
Rb2S2O7,2
Hg3TeO6,2
TiGa2O5,2
Li3TaO4,2
SnPSe3,2
Li2Si2O5,2
P,2
YTa3O9,2
Li2NiP2O7,2
Zn(CN)2,2
MnH6SO6,2
CsSnI3,2
LiTbSe2,2
RbNO3,2
La2Ti2O7,2
SnS2,2
Cs4CO4,2
As3Pb5ClO12,2
NaYF4,2
Dy2S3,2
SrLa2O4,2
Na2BeSiO4,2
Cd2SiO4,2
NaAl11O17,2
GaSe,2
VAgO3,2
SbO2F,2
TiBi2O5,2
KH(IO3)2,2
Sm3TaO7,2
Sr5Nb4O15,2
HgB4O7,2
BaBe2Si2O7,2
Sr2HfO4,2
Li3FeF6,2
TmGaO3,2
Zn(HO)2,2
BaYBr5,2
Pr2SiTeO4,2
LiFeF5,2
YSF,2
Tm(HO)3,2
NbTeCl9,2
K2SnBr6,2
RbVBr3,2
LiVPO5,2
ZnP2,2
LiLuO2,2
Ba6YBr15,2
Ni(IO3)2,2
LiSn2P4H3O16,2
LuHO2,2
H7ClO3,2
H5ClO6,2
H8PtO6,2
RbMnBr3,2
Ta2O5,2
NaHO,2
Rb2GeF6,2
HfZrO4,2
SnS,2
Na2NiO3,2
BaO,2
AlHg2SbCl4,2
Rb2Te,2
Ba2YTaO6,2
LiMn2OF3,2
NbAg7S6,2
B9H11,2
ZnSiO3,2
Zr3N2O3,2
Ta2H4O7,2
Ca3Si2O7,2
Dy2Ge2O7,2
Ga2S3,2
NaCuP2O7,2
Na2SiF6,2
Ba(H2O3)2,2
Sm2Ge2O7,2
La(HO)3,2
FeP4,2
La2Nb2N2O5,2
SnP2O7,2
ScHO2,2
SiC,2
SrBr2,2
Mg(GaO2)2,2
Dy(IO3)3,2
K2O,2
TeHO3,2
GaHO2,2
LiYF4,2
LaTa2NO5,2
Ca5P3ClO12,2
H2W2O7,2
BaF2,2
Mn(HO)2,2
Bi3(TeCl5)2,2
SrCO3,2
ZnSe,2
Sm2S3,2
AlN,2
Tb2TiO5,2
Na6Ti2O7,2
Y2Ge2O7,2
Hg3(SeI)2,2
YAlO3,2
SrAl4O7,2
KHgC3(SN)3,2
Tm2TiO5,2
Ca2Ta2O7,2
SrSO4,2
TiAs2O7,2
SmIO,2
NaGaO2,2
K2S5,2
KCaF3,2
Y2Si2O7,2
ScGaO3,2
LiGdO2,2
Li3Mn2(PO4)3,2
YbSe,2
SrTe,2
ScF3,2
Li2Mn3(P2O7)2,2
LaNbO4,2
K4TiO4,2
NaClO4,2
TlS,2
TlBi(PSe3)2,2
NiH12SO10,2
KPO3,2
Li2Ti(BO3)2,2
LaTiNO2,2
CdSO4,2
NdTaO4,2
RbGeI3,2
AsHPb4(ClO)4,1
Ba2La3Si3O12F,1
LiBH2C4O9,1
Ca16MgAl14Si9O56,1
Na3H(SO4)2,1
KAuS,1
H9C2N11O8,1
Li5SiP3,1
PrH20S4N5O16,1
Pr16Si16N27Cl3O14,1
KMg3AlSi3(O5F)2,1
K2NaNb(OF2)2,1
Na4ZnP6(HO2)12,1
SrZnH6O5,1
MgH18C4SN8O9,1
Li4Ti5O12,1
Zn4B2O7,1
ZrH6NOF5,1
KLi3Si12(SnO15)2,1
NaB(HO)4,1
KB3(H3O4)2,1
Li2Sb(PO3)5,1
ZnH12C2(N3Cl2)2,1
Ga6Te10Pb,1
HC2S2N(O2F3)2,1
Rb5Tc3S7,1
Er18Ti14O55,1
PH9C2N4O5,1
K2TeH10(NO7)2,1
Na6Ga5Si7H15O32,1
P5H5N6(Cl4O)2,1
BBr,1
Y2Ti2O7,1
LiSb2(PO4)3,1
Li3Sb2(PO4)3,1
Sm2Te3,1
NaPr9Si6(SO12)2,1
IF7,1
TeP2H16N2O13,1
KHSeO4,1
Er2S3,1
CsH24Ru(SO10)2,1
Na2Pr4Br9NO,1
RbNa10Al11Si13O48,1
NaSm9Si6(SO12)2,1
K6Al11Si13Ag5O48,1
H2Ru3C8SO8,1
Ti4P8S29,1
Gd2S3,1
H6C(N3O2)2,1
Na5Zr4Si3(PO8)3,1
Ca2NF,1
Na3SiH11O9,1
PH6NO3,1
BaH6C2S2N2O3,1
Bi15AsO25,1
TiNb2Zn(PbO3)4,1
TiH12N3F7,1
Bi15PO25,1
SiH14(O2F3)2,1
Na2Si(H5O4)2,1
H6Os5Pt(CO)16,1
Ca10P6ClO24F,1
TiP2H4O9,1
MgC2S2(OF3)2,1
DyZr9Si9PO40,1
Bi4O5,1
Na2Sn2H4O5,1
Re6H12Pb3C2S2(N2O13)2,1
Nd10Si10N17ClO9,1
NaH8SeNO6,1
In2(PSe3)3,1
SrMgUH24C3O23,1
TaTi9Al3Zn23O48,1
CaLaMgTaO6,1
HCl,1
Sb6O13,1
Yb2Se3,1
NaCaAlSi2O7,1
Rb3Ta5O14,1
H13ClO6,1
H12C4N2O9,1
PH5NO4,1
Os5(CO)19,1
Ca12Al11Si3Cl5O32,1
Pr20AlSi19N33Cl2O19,1
Os5(CO)16,1
Na3Sr4Nd3Ti10O30,1
Na2Te(H5O4)2,1
LiCaP3H8O13,1
KUP(H2O3)3,1
K10Th3(P5S18)2,1
H7IN2,1
Ba(GaO2)2,1
Ca3SiH30CSO25,1
UPb(SeO4)2,1
K3P6S6N7,1
H6Os5Pt2(CO)17,1
Sr10Ga6O19,1
K4TeP4(HO2)10,1
Rb12Sn8GeO4,1
LiInSiO4,1
CaH4NClO5,1
NaB3H4O7,1
Cs3Mg3In(PO3)12,1
Ge4Se9,1
NaCa9ScZn9(SiO3)20,1
ZnP2H6O5,1
LaSb(SBr)2,1
TiH14(OF)6,1
H3SNO4,1
H2Ru6(CO)17,1
BaH8PtC4(NO)4,1
Na2H6PtC4N4O3,1
ZrN6O17,1
KMgP(H6O5)2,1
SrB6(H4O7)2,1
Re3(SCl)7,1
Ca5P3HO13,1
InTeI7,1
CsAg2(B5O8)3,1
Bi(Mo2Cl5)3,1
FeH20S2(NO7)2,1
MgPH16NO10,1
TiSi4(NCl7)2,1
H6C3N4O3,1
PCN2Cl3,1
Nb3Se10Br3,1
NaH4CSNO2,1
AlP2H5O9,1
Li4Re6S11,1
H8PtN2(ClO)2,1
CaH14I10O7,1
Cs4Th2P5Se17,1
CsMgH12(ClO2)3,1
UH14(NO2)4,1
PH11(NO2)2,1
Ca4Al6O13,1
CsRe6Se8I3,1
K2Re3C2Se5N2,1
LiMo6Cl13,1
BaSi2(H3O4)2,1
Na3AsH14SO10,1
K2Ti(GeO3)3,1
Na4GeH28(Se2O7)2,1
TlB5O8,1
H4CS(NO)3,1
Sr3CrN4,1
Rb2Sn(GeO3)3,1
CuPH4O5F,1
H3SNO3,1
Cr(CO)6,1
Cs5Te3H4NCl18,1
Sb6H3CCl13O10,1
Ho2Si4CN6,1
Zn3In2O6,1
BeH8SeO8,1
NaGa(SiO3)2,1
NaF,1
H4Ru3C9N2O9,1
SbH32C8N4Cl7,1
KSn2H36C12(Se2N)3,1
Sb2H30C9(NCl3)3,1
ZnH2(CO2)2,1
Sm4AlSi5(NO)7,1
AgCNO,1
KBaPO4,1
Rb4LiH3(SO4)4,1
P2H24PdC12(BrN3)2,1
LiTi(PO3)5,1
KH2SeNO3,1
Ba21(Cd2Sb9)2,1
CuH8(ClO5)2,1
SrB8O13,1
Y2Te4O11,1
Ag3TeIO4,1
Rb8U9O31,1
Na2CuH20C12(N2O3)6,1
KTaPS6,1
CsSb3F16,1
Ag7P3S11,1
Tb(BO2)3,1
Mn2InC10ClO10,1
Mn2InC10BrO10,1
Mn2InC10IO10,1
Li5Ti7In(PO4)12,1
Cd7Te7Cl8O17,1
K2LiSn4,1
Sr3Tm3Al4Si8N17O4,1
Rb2LiSn4,1
Na3CaAl3Si3SO16,1
K3Ta2S11,1
NaCaMgAl(SiO3)4,1
CsKNaLi13(SiO4)4,1
K2H6PtC4N4O3,1
Ti2P4H9C2NO16,1
AsH18N3O7,1
Na3B5H4O11,1
Na2P2H14O13,1
H4SeO5,1
Li3As7,1
BH4NF4,1
H18RuN5(ClO)2,1
CaB3H7O9,1
Na3AsH22S2O13,1
Cd3(PO4)2,1
H2CS3,1
As2Pb14Cl4O17,1
Sr5As5HO18,1
SrTi2O5,1
CsCaF3,1
CrAuS2,1
Rb4SnO4,1
AgMo6Br13,1
K2Ho4Cu4S9,1
K2Dy4Cu4S9,1
KGa2Cl7,1
Tc(CO)5,1
RbLaSe2,1
Al2Os,1
Sr5Al10(Si7O24)2,1
K4GeH4N2O3,1
W6CCl16,1
CsB9O14,1
NaSi2(HO2)3,1
Hg2Mo2O7,1
AgP2H8SN7O2,1
Li3TeHO4,1
Li2Mn3ZnO8,1
BaSn2(HO2)2,1
LaHBr2,1
Cs4U3Mo3O20,1
Be(B3H8)2,1
UAg2(WO5)2,1
Rb3CoNCl4O3,1
TiH12C2(NF)6,1
K3CaP2HO8,1
CaZnSiH2O5,1
AlH4NF4,1
BaH4(BrO)2,1
RbHS,1
RbHSeO4,1
Cs7U8V2ClO32,1
K2U2MoO10,1
K3GeH2NO3,1
Ho2H4CO7,1
Rb2YTi(PO4)3,1
K8V2(S2O9)3,1
RbGdS2,1
AgH2SNO3,1
GeW2C10(BrO5)2,1
RbNaCr2O7,1
Mg2H6Ru,1
SiH12C2(NF)6,1
RbDyS2,1
MgH6(BrN)2,1
RbH2N,1
H2S,1
MgZn2H12(BrO)6,1
HPbIO,1
Na6U2Mo4O21,1
CdH4CN2Cl2O,1
CdH2SeO4,1
BH3OF4,1
NaH3SO5,1
NaCaB5H8O13,1
P3H4N5Cl4,1
NaHNO2,1
NiB18(H11C2)2,1
Cr2P2O7,1
ZnH4(NO4)2,1
RbBe2F5,1
CaP3H10NO12,1
Hf3Tl10Mo12PbO48,1
NaCa2V3Zn2O12,1
HgHNO4,1
Al2Si3H8(NO5)2,1
TlH6(NO4)3,1
UH12(NO4)2,1
NaAsH4O5,1
NaH3C2O5,1
H4S4N6O,1
In2(MoO4)3,1
Ba2VI5O17,1
HPbClO,1
K3SnHF8,1
Cs2TiV3(PO6)3,1
Li2Fe(PO3)5,1
K3NbHOF7,1
CsTaCo(OF2)2,1
KH2I3O,1
NaHCO3,1
SrLaTaMnO6,1
B5H9,1
BaSO2,1
Ca2H2S2O7,1
H2SeNO4,1
SnH6Cl4O3,1
U3Cu2H10(CO10)2,1
BHO2,1
Ga2P2H9NO11,1
MnH8(N2Cl)2,1
LiAlH16(CN)4,1
NaLiH4C2O5,1
DyH9C5(NO4)2,1
H24PtC8(NF3)2,1
MnGe4H24C8(S5N)2,1
K2SiAs2,1
Mn2PC11SO8F9,1
CuH4C2NCl3O,1
Ca4MgB4H6(CO9)2,1
ZnH10C4(N2O3)2,1
NiH10C4(SN4)2,1
AgH6C4(NO)2,1
GeSe,1
ZnH16C6(N3O5)2,1
Rb2CuH4(C2O5)2,1
BH11AuC4IN2,1
RbCoH24(C7N4)2,1
Ba5Re3O16,1
CuH12C5S4N,1
RbLiH4S2(NO3)2,1
Li2B12H26O7,1
Li2HN,1
K2MgH8(SO6)2,1
U2CuP2(HO)24,1
MoSCl7O,1
HPb3ClO3,1
CsZn2P2HO8,1
K10Zr3Cd(MoO4)12,1
K4ErP6H6ClO21,1
Ta2W2O11,1
NaCaGaSi2O7,1
Tm2PbS4,1
HgTe3H12C4N,1
Sb3WC6O6F17,1
K2BiH5(CO2)5,1
ScPS4,1
NaCa2Al4H8C4ClO20,1
U2CuAs2(HO)24,1
Sr(GaTe2)2,1
K2TiH2O3F4,1
Na5P3(H3O4)4,1
CsUCrO6,1
RbHoO2,1
H2CN2,1
CdH8(NO5)2,1
LiZnPH2O5,1
MoP4O13,1
GaAg(PSe3)2,1
Ba6Mg7H26,1
Cu2H6C3N4O,1
KSrAs(H4O3)4,1
CaP4(HO6)2,1
MgH8(NF2)2,1
BaH2(SO4)2,1
HfP2H4O9,1
H13Se2N3O8,1
Nd2Zr3(MoO4)9,1
H12AuC4N,1
NaNbN2,1
LaGaS2O,1
LiYO2,1
P5HC(NCl6)3,1
Al2Si2H4O9,1
Na2P2H2O7,1
SrH2I2O,1
LaMg2H7,1
Li2Sn(H5O4)2,1
Mg5H8O9,1
Na2Si3(HO4)2,1
Cd3H2CSeO8,1
UP3HO11,1
UP3H7O8,1
Sr2AlH7,1
H6CSBrN3,1
Ba2Na2B10H2O19,1
PH8SN3O,1
Cs2Zr2ZnH12(OF2)6,1
Na3H7Ru,1
Ca2As2O7,1
Bi6W4O21,1
Bi14MoO24,1
NaGdRe4(H2O5)4,1
K6Ba2CaU6O24,1
Li3B5(HO5)2,1
NaP3(PbO3)4,1
AsH2C2NCl2O,1
Ca3Si2(H3O5)2,1
Al2Si4O11,1
Sr2HN,1
MgH2(SO4)2,1
KLiPH2O4F,1
HNF2,1
BaH4(ClO)2,1
NaCa2Al2P2H5O11F4,1
AgSbH2C2(NF3)2,1
Na2BH4ClO4,1
SrH6C4O7,1
H8S2N2O5,1
Na2B4H8O11,1
InF3,1
B10H13,1
K2HS2NO6,1
BeH8(NO5)2,1
KRb2Mo(OF)3,1
KFeH5(SO5)2,1
H4CS(NO)2,1
Ca3P4H20(NO10)2,1
Ca3YAl3B4O15,1
ScH16C3S3O17F9,1
Al8P8H34N7O36F5,1
BaNa5Ca7P6(O8F)3,1
H6CN3Cl,1
ZnH10C4N6(ClO2)2,1
KCa2Be2Al(Si2O5)6,1
NaCa3ScZn3(SiO3)8,1
Al4Zn4P8H13N3O32,1
PH6N3O,1
PH6SN3,1
Na3SiH3O5,1
ThCd(MoO4)3,1
Rb2U2Mo3O16,1
K3H3Pd,1
DyMoO4F,1
TmMoO4F,1
MgTiNb2(PbO3)4,1
ZnH4(ClO3)2,1
AsH6NO4,1
KP2H8SN7O2,1
Ca2Al2Si(HO4)2,1
Na3AsH24SeO15,1
K2Nb6Ag(PO8)3,1
Mg3B2P2(H9O10)2,1
NaSc(SiO3)2,1
Sr5Al11TlSi13O48,1
KCaCO3F,1
YTi2CdO6F,1
UAsH9O10,1
K2BaNi(NO2)6,1
H8C2SeS2(N2Cl)2,1
Li4WO5,1
Mg4Al3(HO)17,1
K2Zr2ZnH12(OF2)6,1
P4S5,1
Li2Fe(PO4)2,1
Na3DyTi2Nb2O12,1
ZnPH3O5,1
KPH2O3,1
H8C2SeS2(BrN2)2,1
CaZn2(H5O4)2,1
TeH9SN2O5F3,1
InCu(WO4)2,1
CuH16(IO8)2,1
Sb2OsC6(OF2)6,1
K3SiN(OF2)3,1
Nb10Pb14O39,1
CaBePO4F,1
SbH7(Br2O)3,1
BeP2(HO)4,1
Te2AsS4N4(ClF2)3,1
NaMn2V3(PbO6)2,1
HClO4,1
KNa6Al7Si9O32,1
Na7Al12Si12H6ClO48,1
Ca10Al6Si13N30,1
NaLi2La3Ti6O18,1
LaH6S3(NO3)3,1
Na13Zr8Si9(PO16)3,1
KCa2P4H9O17,1
K6H6S6N2O23,1
NdP3(H4O5)3,1
NaSr2NdTi4O12,1
Na3LaTi2Nb2O12,1
KGeNO,1
K2Al11Si13(Ag3O16)3,1
Na3Sr4La3Ti10O30,1
K2NaMo(OF)3,1
Li10Ge(PS6)2,1
Li10Si(PS6)2,1
Zn2P2H12O11,1
K3ZrH2S(OF)5,1
Ba2Zn(HO)6,1
K2H4PtC6S6(N3O)2,1
Rb2SiAs2,1
ReSbH4O7,1
Ca2B8H2O15,1
MgH10CO8,1
BaRe2H2O9,1
RbNa2P3(HO2)6,1
NaZn(HO)3,1
PH4SNO2,1
NiH16C4S4(N4Cl)2,1
Na2H4PtC4Br2(N2O)2,1
Na2H4RuC5(N2O)3,1
KH(IF6)2,1
LiH2BrO5,1
Ba9La3Mg5Nb7O36,1
KPH3O3F,1
LiBeH4NF4,1
Mg4Al9Cu(SiO4)9,1
ZnH8(O2F)2,1
RbYbF3,1
CsMg4Al9(SiO4)9,1
RbCdF3,1
Ca2Ga2Bi(B2O7)2,1
NaB2H5O6,1
Na6CaZr(SiO3)6,1
Sr2La2MgTi3O12,1
Na4Al3Si3B(HO3)4,1
Na2TiFe(PO4)3,1
Na2B3HO6,1
Na4MnAl3Si3O16,1
H15RhBr3N5,1
Na2Li5Al7Si29O72,1
KB5(H2O3)4,1
Na3PH24SO15,1
LiAl3Si9(N7O)2,1
Ca2P2H4O9,1
Ti5ZnBi2(Pb2O9)2,1
As4S11(N6Cl7)2,1
NaB2HO4,1
Ca2AlH10BrO8,1
H5CSO5F3,1
Ca5Si2HO9F,1
KH3(SeO3)2,1
NaCS(OF)3,1
Li11Sc7Ti(PO4)12,1
Ba3LiTi5(SbO7)3,1
BaLa7Mg5Nb3O24,1
BaP2(HO2)4,1
Rb2PH3SO8,1
NaGa(H2N)4,1
Y2Al9Si27(N15O)3,1
Co6C13(SeO6)2,1
TlCrO4,1
AlC3(NCl2)3,1
ReCl3O2,1
Al2CrCl8,1
Mg3Al2(SiO4)3,1
V2PbO6,1
S4N5Cl,1
KU2P3O14,1
NaTaGeO5,1
CsTaI6,1
NbBr3O,1
Cr(OF)2,1
Al2NiCl8,1
Cs2KYF6,1
Sc4Ti3O12,1
AgH8C4S3(OF)3,1
TlSnPS4,1
NdH12S2NO12,1
GdH6C6Cl3(O3F2)3,1
Mg3H13C9NO13,1
H24RuC8(S2Cl)2,1
KB3(HO3)2,1
Sm2SiTeO4,1
ScTl(MoO4)2,1
DyH6C6Cl3(O3F2)3,1
K2Hg(CN)4,1
GaH19C8,1
AgCSN,1
Nd3SeBrN2,1
Rb2PO3F,1
CsLiCrO4,1
Os2Pt(CO)10,1
SnS16(Cl2O)2,1
Cs3NiF7,1
Ca3InP3,1
Pb(SN)2,1
PbClF,1
RhSe2Cl7,1
K2SbF5,1
VBiO4,1
BaCu(Si2O5)2,1
PS,1
NdNO4,1
LiTiAsO5,1
CaTiSiO5,1
Zr(InBr3)2,1
Pr2Ta3(SeO4)2,1
NaHgCl3,1
NbSNCl6,1
OsC3IO3,1
K2Ge2Pb2O7,1
CsInI4,1
FeSeBr7,1
Cs3NaLi2(BO3)2,1
Tl(CO)2,1
Ho3Se3N,1
K2Zn2(SO4)3,1
CsLi(B3O5)2,1
Tb3Ga5O12,1
Ca3UO6,1
NaAsS2,1
Pr2Si2O7,1
Er2Ti2O7,1
TmPO4,1
KZnF3,1
K2HgO2,1
Li2MgMn3O8,1
Li9Bi3P8O29,1
LiSi2N3,1
LiBi2(PO4)3,1
CuH12N2(Cl2O)2,1
Na2Gd2B2O7,1
Gd2Mo(SeO4)3,1
Bi6PtBr10,1
GePb5O7,1
Ba6Nb4S13O3,1
Ba7B4Se13,1
KAg(CN)2,1
BaBi12Mo4WO34,1
La3CuGeS7,1
Cs3AlAs2,1
RbRe3Br10,1
K4Hf3Te17,1
CsMo3Br3Cl4,1
LiScO2,1
NiAs3H3OF18,1
PH9C(NO)4,1
H10PtC(N4O)2,1
FeP3(HO2)6,1
RbH5C7SO5,1
Cd(HN2)4,1
Zn(BH4)2,1
Na2NiH12(SO7)2,1
TiP4H8N2O13,1
Na2Mo(H2O3)2,1
Rb2TeH6SeO10,1
SrSi2(BO4)2,1
Na2Mg(CO3)2,1
Sm2Ti2S2O5,1
Cu4H3C2N5,1
NdAlGe2O7,1
VH4(CO3)2,1
LuP2H4NO7,1
TbCuPbSe3,1
DyCuPbSe3,1
SbH12C5N3Cl4,1
H5C2NO4,1
NaH2CSO4F3,1
CoH18C4N7O8,1
InH6(CO3)3,1
MnH12C2(NCl2)2,1
CuH12(C2N5)2,1
Sr2YNbO6,1
H6N4O9,1
SbHO3,1
Sc(HO)3,1
HoHO2,1
Al5HO8,1
U3(HO5)2,1
H5NO,1
Be(HO)2,1
Sr(H2O3)2,1
H8N2O,1
Sn3(HO2)2,1
Y(HO)3,1
H5BrO2,1
OsC3I2O3,1
Ca3Sc2(SiO4)3,1
Pr(HO)3,1
Sm(HO)3,1
AlHO2,1
Ba2TbNbO6,1
Nd(HO)3,1
NaH3O2,1
Re2H4O9,1
H5NO2,1
LiGd(PO3)4,1
NaCoPO4,1
K5Nb4O12F,1
Zn(C2N3)2,1
H7BrO3,1
Yb2S3,1
TlBCl2,1
Cs7NbIn3As5,1
MnC5BrO5,1
Ba3Y(BO3)3,1
Mn2C7S2O7,1
K3TiO4F3,1
KV(IO4)2,1
PbSeO3,1
K2Mg2(SO4)3,1
K6Cd4Sn3Se13,1
Fe2C9O7F4,1
NaInP2O7,1
CsH3O2,1
V3Pb5ClO12,1
Sr(AlCl4)2,1
Ba5Os3NO18,1
Cs4K2Cu(SiO4)2,1
NaC2N3,1
Si4H2O9,1
Ba4Na(SbO4)3,1
V3(H3O5)2,1
KTiPO5,1
Ga(HO)3,1
SrH4O3,1
LaSiBO5,1
TlHO,1
KSrVO4,1
LiTl3(MoO4)2,1
SnC2(SN)2,1
PbN6,1
Zr(Se2Cl3)2,1
Cs4CdNi3F12,1
Pb3(IO)2,1
Ba2DySbO6,1
Cu2S,1
CaCu(Si2O5)2,1
Th(InBr3)2,1
RbTa(CuTe2)2,1
Mg2Al4Si5O18,1
Li2VPO6,1
TePb2O5,1
CoI(NO)2,1
PtO2,1
Ba3Ta6(Si2O13)2,1
CsUVO6,1
PrCuSO,1
ReHgO4,1
FeC3SeO3,1
AgC2N3,1
C2SN2,1
In3Te3I,1
In2Sn3S7,1
Cd(In2I3)2,1
Ga3Cl7,1
Fe(CO)5,1
Cs3Bi2I9,1
Re3Se4Br,1
Cs3V4Te2ClO14,1
Fe2MoC10(SeO5)2,1
B6As,1
Rb3Tm2Cu4Br13,1
NaNb3O8,1
As(CN)3,1
Ba2Ta6Te2O21,1
NaSr3RuO6,1
Re3(TeBr)7,1
CsDy(MoO4)2,1
Ca2ZnSi2O7,1
Tl2Pt(CN)4,1
Ca3Co(SeO3)4,1
K3Na(MoO4)2,1
SnHg2(SBr)2,1
Te6MoBr3,1
RbV2SbO8,1
CsSO3F,1
VSb2O5,1
La2GeS5,1
Cu2WO4,1
TlAg(CN)2,1
ReC4IO4,1
BaCdGaF7,1
Si4Mo2P4O23,1
TlMo2Cl7O2,1
Rb2FeC5N6O,1
Ga2Te2Br7,1
Rb3SnP3Se11,1
PtN2,1
AuBr,1
SnH16C4(Br3N)2,1
Yb(AlCl4)2,1
K2PtC4(IN2)2,1
Sr(Li2P)2,1
Hg3AsSe4I,1
KZr6CCl15,1
Bi8AsAuCl9,1
Sm3CuSiSe7,1
Ti6Tl5AgSe27,1
Ta3Bi7O18,1
Cs3Au2Br11,1
GaSe3N2Cl5,1
MnBiPO5,1
K2Ge2Se5,1
In5AgTe8,1
BaN3Cl,1
K5Na(Ti2Se9)3,1
CuBi(PSe3)2,1
BiSeBr,1
Zr(TeCl6)2,1
Sr2IN,1
Tl2Hg2PdCl8,1
Ba2P7Cl,1
SbBr3,1
AgCl,1
Y(AlCl4)3,1
HgCN2,1
CoH3(CN)6,1
Ba(BSe3)2,1
Ba2Ge(TeSe)2,1
SbCl5,1
Nb2Tl3CuSe12,1
Si3As4,1
GaI2,1
SbSe3N2Cl7,1
SrSi7N10,1
Sm3CuSnSe7,1
CsZr6MnI14,1
CdH8C2NCl3,1
Zr(SeCl6)2,1
Rb3As7,1
Cs(BCl)6,1
SrAlSiH,1
TcBr4,1
H8C2NCl,1
Cs2LiLuCl6,1
LiSi,1
K4Sr2SnAs4,1
MnTlCl3,1
MnSbSe2I,1
Ca(BH4)2,1
CdBiSe2Br,1
Nd3CuGeSe7,1
Cd2Os(CN)6,1
GaCl2,1
K4GeSe4,1
Bi20(PtBr12)3,1
H9C4Se2N,1
Mg(B6C)2,1
KBi(PSe3)2,1
RbYbI3,1
NaAl3NiCl12,1
Tb3CuSiSe7,1
K3Cr(CN)6,1
AgTe,1
BP2N2Cl7,1
CdBr2,1
H8C2I3N,1
Mn2H30C9N3Cl7,1
In4Br7,1
Cs2NaTbCl6,1
CuH8C2(N6Cl)2,1
FeSe2NCl6,1
K9InSe7,1
KCuPSe3,1
CsErTa6Cl18,1
KHgC2IN2,1
Cu2HgI4,1
SbCNCl5,1
NaNd4I7N2,1
Nb3Sb2Te5,1
TeCl4,1
CsAuBr3,1
Hg3C2(N2Cl)2,1
TbTlSe2,1
LiCaBi,1
NaLa(GaSe2)4,1
HgN6,1
K4Sn(TeSe)2,1
Mn2Ru(CN)6,1
Bi2(PSe3)3,1
ZnB2(CN)8,1
TlPAuSe3,1
CaSiN2,1
Sm(C2N3)3,1
Cs4P2Se9,1
HoTlSe2,1
CaTe,1
Ba6NaCu3Te14,1
K3InCl6,1
TlCuPSe3,1
H3AuC2NCl,1
HfI4,1
NaW6NCl18,1
GdScO3,1
KAuCl4,1
SrMnO3,1
Mo6PbI14,1
Li3SbO4,1
NdSF,1
CsPH3O3F,1
NaC4N3,1
MgTe2O5,1
Rb3YCl6,1
Tl10Hg3Cl16,1
Hg(CN)2,1
Ba2ScCl7,1
Cs3As11,1
AlTeCl7,1
Bi8SbAuBr9,1
CsTbZnSe3,1
Ga2Os,1
Cs3BAs2,1
Ba2In2Se5,1
K2TcI6,1
CsBSe3,1
Nb2Se17Cl12,1
TePdI2,1
KNa3Al4(GeO4)4,1
Cs2GeO3,1
Gd3CuGeS7,1
Sm2Se5O13,1
ReO3F,1
MoSeCl7O,1
Cs2LiNbS4,1
TbCuS2,1
Cs2NaAl(PO4)2,1
KBiF4,1
CsLu2Cu3Se5,1
Ba3La2C5O15F2,1
TaNO,1
Cs2Nb4O11,1
Cs10Si7O9,1
Cs2Xe(BrF7)4,1
Mn(C2N3)2,1
Ga2NiCl8,1
RbNdTe2,1
Re3Se4Cl,1
Cs2KTbCl6,1
AlAgS2,1
Sr4Al6CrO16,1
La4Cu6(MoO4)9,1
Zn(GaO2)2,1
Li2U5MoO19,1
VP2NCl10O,1
P4S9,1
MoSO6,1
Ag4Mo2Se3O16,1
K3Mo12PO40,1
V2Cd4(TeO5)3,1
KVCdO4,1
Ca51W12N56O3,1
Na2GeO3,1
V2Cd6Se5O21,1
InHg6As4Cl7,1
Ca5(SiN3)2,1
KTa(AgSe2)2,1
Ge3N4,1
AlInI4,1
TaP2Se2Cl5,1
Rb5Sn(PSe5)3,1
NaHf2CuSe5,1
CuMo3Br7,1
RbAuN12,1
Hg3Te2IBr,1
Ca3(GaN2)2,1
Mg(BH4)2,1
CsNaSi2O5,1
SiH17C11N,1
Ga2BiSe4,1
Nb3Se10Cl3,1
KY(PSe3)2,1
CuP4Se4I,1
CsI4,1
Sr4Sn2Se9,1
CdBiSe2I,1
Dy2CdSe4,1
CsSiTe3,1
CsLu(NbCl3)6,1
K4Sn9,1
TeI4,1
SnICl,1
AlH14C4NOF4,1
Cs3Sm(PS4)2,1
CsUP3O11,1
V2P2PbO10,1
SeS4N3Cl5,1
Cs3SrCu2C7(SN)7,1
SbPC3S3N3Cl3O,1
Cs2Ge2S5,1
CrCu(PS3)2,1
Ga2RhC4Cl7O4,1
Cs2Sb2OF10,1
Cs2Al(NO3)5,1
KLa(PSe3)2,1
Cs2LiCl3,1
Na2LiN,1
TlHg3Sb2Br3,1
Pr5(CBr4)2,1
Cs2LiInCl6,1
Rb2PtC4(BrN2)2,1
Ga(BiBr)4,1
Pr3CCl5,1
K2Sm2As2Se9,1
Ho3CuSiSe7,1
PbIBr,1
SnI4,1
La5C2I9,1
Ag2Hg7(P4Br3)2,1
Cs2Li3Br5,1
Rb2MnCl6,1
Zr3Sc4O12,1
TaAg7S6,1
TiPb9O11,1
Rb2CrCl4,1
Mg5(AlSe4)2,1
Na3Sm7Cl24,1
Tb2YbS4,1
In4(SnO4)3,1
Y2Se3,1
Lu2Se3,1
Sn3(P2O7)2,1
SNClO4,1
In2Se3,1
ZnH8(N2Cl)2,1
Gd(C2N3)3,1
KAu(CN)2,1
RbVI3,1
AsXe2O4F9,1
UF6,1
Sr4GaCN5,1
WN18,1
TaAsPCl13,1
Na2Zn2(TeO3)3,1
TeS7Cl2,1
RuC4(IO2)2,1
K3Sc(MoO4)3,1
Sr3LiRuO6,1
CsLiSO4,1
Ca3UN4,1
Ca3(HO3)2,1
KBi2F7,1
La4Ag2Se7,1
Ba9(LaS6)2,1
NaPrS2,1
Ce3Dy2O9,1
Bi14SO24,1
Mn(CuCl2)2,1
K6InP3,1
Na2CuH4(C2O5)2,1
In4SnS8,1
Li2MnCl4,1
Rb2U2O7,1
Er4Zr3O12,1
Ga12Ag2Te19,1
Ho2Zr8O19,1
CsHgCl3,1
KPb2Cl5,1
Rb6Pb5Cl16,1
TlBiF4,1
Ba2Bi6O11,1
Li5GeP3,1
K6U4O15,1
K2SrCl4,1
Tl8Cu4F11,1
Tl5SnF9,1
Sm2ZnS4,1
NbTl2PO6,1
Re2(HgO2)5,1
Cs4Zr3Te16,1
Mg(GaS2)2,1
SeCl4,1
Ba9(TaN6)2,1
K2MgSi5O12,1
Ba4LiW2N7,1
BaTi(SiO3)3,1
BaNaBO3,1
Ba2ErNbO6,1
BaYAgSe3,1
BaDy2ZnO5,1
CdS,1
Ca5B3O9F,1
In10(Pb2S7)3,1
Na5Lu(SiO3)4,1
Te3As2(SF4)3,1
TcC4IO4,1
P2CN3Cl5,1
Ta3In2Cl9,1
K3Yb(SO4)3,1
Re(TeBr2)2,1
B2Pb2S5,1
SrTeO3,1
BaNd2Ti3O10,1
K3Cu(CN)4,1
NaCSN,1
RbNb2PS10,1
TiTlPO5,1
BaNd2CuO5,1
CsRe6S8Br3,1
KC(NO2)3,1
RbHgC3(SN)3,1
Nb3Te4ClO15,1
BaCdP2O7,1
PtI4,1
Te2S4(NCl3)3,1
Cu2Bi8Pb6S19,1
Cs2Zr(SiO3)3,1
Sr3InRhO6,1
Sr3U11O36,1
KAl(SO4)2,1
Ba5Si8O21,1
ReTe3Br5,1
K2NaInF6,1
NaCdPO4,1
Na2Zn(SiO3)2,1
Os4C12SO12,1
Bi2Te2O7,1
P2Os4C15O13F6,1
Ir3(CO)8,1
LiLa2SbO6,1
Os6C17SO17,1
Ca2Zr5Ti2O16,1
Gd2Se2O,1
LiCa3Zr3TaO12,1
KBaAl3Si5O16,1
RbHF2,1
Na2CaSn2(GeO4)3,1
K6Ba3Ta12(Si2O13)4,1
Ca(InTe2)2,1
Ca3Al4Si8(ClO12)2,1
ScCuSe2,1
Na7Zr4Si5PO24,1
RbBiF3,1
Na3Sm17Si12(O25F)2,1
SrZr12B2I5Cl23,1
BaLa2MnS5,1
H(CO)2,1
Ba3Na7Ti3Nb7O30,1
Zn8B4H3O15F,1
Dy3NbO7,1
Cd2Bi6O11,1
Ho4Zr3O12,1
La2PbF8,1
RbAg4I5,1
ReSeCl,1
CIF5,1
NaClO2,1
Ba4Ta2TiZnO12,1
Yb(Ga3Te5)2,1
Sm2Th8O19,1
Na3HoTi2Nb2O12,1
Rb2Sc(NO3)5,1
LiCa4(BN2)3,1
Ba2NaReO6,1
NaZr2SN2Cl,1
Ca5Si2CO11,1
La3Ga5SnO14,1
Na27Ca3Al5(P2O7)12,1
Sr22Nb10O47,1
KMgP2H5O9,1
Ba3Si3N5ClO,1
NaCa2Mg2(AsO4)3,1
Ca5Al12Si12(AgO24)2,1
Mo3H24C8S13N2,1
CuAs2Pb6Cl7O6,1
KBa6Zn4(GaO3)7,1
SrMg2Al6(Si3O10)3,1
LaAl2Si5N9O,1
Rb5Te3H4NCl18,1
P6(Pb2O5)5,1
Tm4Zr3O12,1
Ca2AlH10IO8,1
Ba6Ti2Nb10Si8O51,1
LuCuSe2,1
Th10N9F13,1
H24C8Se(NO2)2,1
Mg3BH2O5F,1
BaNaIn2(PO4)3,1
Rb2SeO4,1
YCuSe2,1
HoPaO4,1
RbBiF4,1
ErPaO4,1
La3O2F5,1
KNbCl6,1
Li5TiP3,1
Zn7(SbO6)2,1
NaY2F7,1
Ba2As6O11,1
Ca(HoSe2)2,1
Ba4Er3F17,1
Nd4Ag2Se7,1
Bi7(S3Cl)3,1
Nd2PbS4,1
Li5AuO4,1
Na3NO2,1
Er2Zr8O19,1
K2Sn5Cl12,1
Na7Cu3O8,1
SrLa5F17,1
La2Te4Pb,1
BaBi4O7,1
Ho14(PbS8)3,1
Ba2P2O7,1
LiPrS2,1
Yb(HoS2)2,1
Tb2PbS4,1
Ta4Cu2O11,1
Sm2Zr8O19,1
TlSbS2,1
Gd2PbS4,1
Ca3Yb2Zr3Ti8O28,1
Te6H6S(Cl13O2)2,1
Na3Al2P2O8F3,1
Ca2LaF7,1
Sr6La2Ta3Al5O24,1
Na4Al3Si3NO13,1
CsTiZnOF5,1
TlNO2,1
BaSi2(NO)2,1
Li9CrN5,1
Dy10Ti6O27,1
Sc3NbO7,1
Tl9SbSe6,1
Bi2Te4Pb,1
Gd5AgS8,1
Si3NCl9,1
Li3InCl6,1
Ce3Nd2O9,1
Na2ThF6,1
H8(NO2)3,1
NaY3F10,1
Ba2PrF7,1
Na3La9B8O27,1
Tl9BiSe6,1
BaTa2O6,1
Na2ZnH4(SeO5)2,1
Rb2MgH4,1
HPbBrO,1
Cs3MnH5,1
TlP(HO2)2,1
Rb3ZnH5,1
SbH3OF6,1
AgH4WS4N,1
H8Pd(NCl3)2,1
SrHIO,1
CuH4Pb2(ClO2)2,1
Ba2MgH6,1
SrMgNiH4,1
SrYSi4N7,1
LiMg2H7Ru,1
K3ZnH5,1
ReF7,1
BaMg2FeH8,1
K2H4Pd,1
Ba2H6Pt,1
Na2AlH4ClO4,1
YbMgNiH4,1
Cs2H6Pt,1
MoP4C5S3O5,1
Ca4Mg3H14,1
ZnH2SO5,1
Mg3ReH7,1
SiH6(NF2)2,1
C7F3,1
TlV3(SeO6)2,1
Dy3BWO9,1
Tb3BWO9,1
ZnWO4,1
UAg3(AsO4)3,1
In2O3,1
Ba3La2(BO3)4,1
BaTiO3,1
Rb2H4Pd,1
CaH2CClO3,1
LiAlPHO5,1
H8C3N2O,1
HSO3F,1
KAlH2CO5,1
LiHS,1
Cs2MgH4,1
CdHClO,1
H3CSClO,1
CsCaH3,1
H8C2IN,1
K2PO3F,1
KHCO2,1
CaAl2Si(HO2)4,1
SnH4(NF)2,1
Cs3MgH5,1
Zn2SiH2O5,1
CsFeSiO4,1
P3CN4Cl7,1
AlInCl4,1
RbPPbS4,1
Mn2SnC10(ClO5)2,1
KC2N3,1
AsN9,1
Ag2WO4,1
LiCS(OF)3,1
HgN3,1
Zr(MoO4)2,1
LaTiNbBi2O9,1
Rb2ZnBr4,1
Cs4V2S4O3,1
ZnH4(BrO)2,1
KLiNd2(MoO4)4,1
NaTiPO5,1
Cd2GaAgS4,1
CsAl(H2N)4,1
Fe3H6C6(N3Cl4)2,1
Cd2H2SO6,1
HBr,1
Na3In(PO4)2,1
Cs2NiH12(SO7)2,1
Rb2CoH12(SeO7)2,1
Mn2H2SO6,1
H8W3Se(NO6)2,1
ReH8(NCl3)2,1
Ga2Ge4Pb3O14,1
SrMgH4,1
Mg2H6Os,1
ThO2,1
SrCrBi12(Mo2O17)2,1
Li4H6Ru,1
BaH5BrO3,1
PHSF2,1
Rb2H4Pt,1
LaH3(CO2)3,1
KP(HO)2,1
KLa(PO3)4,1
Bi32P10Pb3O76,1
CsVSO6,1
Ca4SmB3O10,1
CaSi2(BO4)2,1
Ba5Er8Zn4O21,1
UTl2(MoO5)2,1
Na2LaPS2O7,1
Na2V2ZnO7,1
FePbC5N6O,1
Os(CO)4,1
Cs2Th(PS3)3,1
Al2SiO5,1
Na2ZnGeO4,1
Rb2CuCl3,1
K3VO4,1
Na2Ca(SO4)2,1
RbTiAsO5,1
Cs2SnBr6,1
Tl2GePbS4,1
Co4Sn(CO)16,1
K2ZnCl4,1
Fe6Sn2(CO)23,1
Ru4C14O13,1
Se2S(NCl)2,1
Rb2V(PO4)2,1
K2PtS15,1
NaGeSbO5,1
Cs4Re6S13,1
CaMg3(CO3)4,1
MoPb5O8,1
CrFe2C10(Se2O5)2,1
HfTl8(MoO4)6,1
LiLaTiO4,1
OsC4ClO4,1
Re3S4Br,1
GdGaGe2O7,1
Ca5MnSi9(Pb3O11)3,1
CsXe3O3F13,1
VSb2NCl14,1
NaIn(MoO4)2,1
Te2Ru4(CO)11,1
K3WC4N4OF,1
TeAs(SeF3)2,1
Mn3Bi(CO)15,1
Ag9(BiO3)2,1
Ge2RuC4(Cl3O2)2,1
KNb(CuSe2)2,1
CaMgB2O5,1
Er2C(NO)2,1
RhSCl5,1
YbBeF4,1
K3HgN5O11,1
KSO2F,1
Cs2Tb6Te7N2,1
LiSc(SiO3)2,1
K2ZnH12(SO7)2,1
CuH2(CO2)2,1
SrH6(CO3)2,1
Li3BH6,1
Os3C8SO8,1
Ni(XeF8)2,1
RbVPO5,1
CsK5Ru2O9,1
Tl2FeC5N6O,1
Nb5P7O30,1
Tl4Fe(CN)6,1
BaCu4S3,1
RhC2ClO2,1
KZnPO4,1
RbTiPO5,1
K3Lu(SiO3)3,1
CaCu(GeO3)2,1
BaNa4Cu3F12,1
K2La2Ti3O10,1
Fe3C10SO10,1
La3SiAgSe7,1
SbP2SN3Cl10,1
CoSb(CO)3,1
Mn2Hg(CO)10,1
Na2S,1
RbBiC4(SN)4,1
KDy(PO3)4,1
La4Mo7O27,1
Pd2S9N4,1
Cs2CrO4,1
ZnBr2,1
Tl8(CdN14)3,1
Os2C6SeO6,1
KICl4,1
PBr7,1
SbP3C(NCl5)3,1
TaSbO4,1
P28Pb5I2,1
Hg4Pb2N6O19,1
Mg5V2(MoO8)2,1
C20Cl3,1
Na3MgC2BrO6,1
Ni3Mo2SeO11,1
Te2Mo3Se7Br10,1
Ca3ScCoO6,1
TlCr(MoO4)2,1
CSe(ClF)3,1
KAlGeO4,1
Hf(ClO4)4,1
GaBr2,1
GaRe2(CO)9,1
Rb3NiF7,1
W2C7Br4O7,1
AgC3N3O,1
KIn(MoO4)2,1
Se5SO3F,1
InCo3(CO)12,1
K2Rb2Re6S13,1
Fe3WC14(SO7)2,1
P6N7Cl9,1
Os7C19SO19,1
RuC3Br2O3,1
Os4C13SO13,1
BaLiBO3,1
KCo(CO)4,1
BaEr2ZnO5,1
K3Nd2(NO3)9,1
K2Ca(CO3)2,1
CaMgSiO4,1
CrC5SO7,1
ReTe5O6F25,1
MoPNCl6O,1
Ti2SCl12,1
Na6Mo10O33,1
Na4V2O7,1
KRb2ScF6,1
Li2Zn3(Ge3O8)2,1
Tm4(B2O5)3,1
Ba3(LaI6)2,1
BaLa2Cl8,1
Ta7InO19,1
Rb2Ge2O5,1
La2Hf2O7,1
Er(ReO4)3,1
K2LuPCO7,1
Ta2BeO6,1
Rb3LuO3,1
Li8HfO6,1
Li2Mg3Ti6O16,1
Lu2B4O9,1
K3BePCO7,1
Ca(SeO3)2,1
K3SrPCO7,1
Sm2Zr2O7,1
Li3MgPCO7,1
Ba2P6O17,1
Tm2P4O13,1
Li3CrBAsO7,1
Na3CuCSO7,1
Na3Fe(BO3)2,1
LuBiO3,1
Na2Sb4O11,1
CrCuO2,1
Ba2ZnF6,1
CaB2(H2O3)2,1
LaSeF,1
Na2FeAsCO7,1
TiV2CrO10,1
Na3Ni(BO3)2,1
GeWO4,1
TiMn5O12,1
K2CrPCO7,1
MnO2,1
Na3SiSnBO7,1
LiY3WO8,1
Gd2W4O15,1
Li2Cr4O13,1
Li2CrAsCO7,1
Sm2(WO4)3,1
La2BiO5,1
Nb6CdO16,1
AlZnH16N(OF)6,1
LiZr2(PO4)3,1
KTa2PO8,1
As5Pb3S10,1
Lu2P4O13,1
Li4MnV2WO12,1
CuPO3,1
La4MnO8,1
V2SiO7,1
DyErO3,1
AlGaO3,1
Cs3GaO3,1
LuScO3,1
Li2BiAsCO7,1
Er2Sb2O7,1
Ca2WO5,1
Li4Ti9O20,1
Sr3LaI9,1
Ga2(WO4)3,1
YTa7O19,1
Ba3LaI9,1
Sr2LaI7,1
TaIn3O7,1
Rb2Be2O3,1
Sr3LaBr9,1
Ba3La2Cl12,1
Mn5SnO12,1
Li2Mn2SnO6,1
V4CrCuO12,1
Li4Cr2C4SO16,1
Li3AlCoO4,1
ZrMnO3,1
Dy2W2O9,1
Li4MnSn3(PO4)4,1
Li6Cr(BO3)3,1
Ho2(SeO4)3,1
La2Zn2O5,1
NaSnAsCO7,1
Rb2UO4,1
Ca3W2O9,1
Li2CuSb(PO4)2,1
LaSCl,1
Li6Mn(BO3)3,1
Li6Fe(BO3)3,1
TmClO,1
Na3MnSiCO7,1
Li3Al2FeO6,1
LiV(SO4)3,1
Li2Ti3Sn(PO4)6,1
Al8SiO14,1
Ba4Tm6O13,1
Li2W(OF2)2,1
Li5WNO4,1
Li2FeSi3O8,1
Na2VCSO7,1
Tm2(WO4)3,1
Li2ScFe(SiO3)4,1
Li8TiO6,1
Li2Ti3MnO8,1
CrFe2(PO4)3,1
Sn2N2O,1
Li2Bi2(SO4)3,1
Na2AsAu,1
K5H(CN2)2,1
Li9P8W3O29,1
P8W3O29,1
LiFe2OF5,1
LiFe2F7,1
Li4Ni(BO3)2,1
Ca5Ge3O11,1
Na6Ni2C4SO16,1
Cr2O3,1
Na3Sb(PO4)2,1
Rb2O,1
Li3CrH12(CO3)6,1
Na5LiV6O18,1
BeCrO4,1
Li11Fe6F29,1
Ti3(WO6)2,1
Li4TiMn2Ni3(PO4)6,1
Li3Fe2F9,1
NaLi3Ti2Al2(PO4)6,1
LiTmO2,1
Li4V(BO3)2,1
LiVBO3,1
LiMnP2(HO4)2,1
LiV3P3(HO6)2,1
CsCu3S2,1
Li2VPHO5,1
Gd3SbO7,1
LaSmO3,1
B3H3SeO9,1
Li10Mn3F16,1
NaLiMnP2O7,1
Rb2MgO2,1
Li2MnPHO5,1
Cd(BO2)2,1
Ag2H16O9,1
Na2FeO2,1
Li5FeOF5,1
Ti3NiSn2(PO4)6,1
Ba6YCl15,1
Na6Sn2O7,1
PH18C6N3O,1
Li3Nb3P8O29,1
Li2Fe2OF6,1
NaLi2V3O9,1
Na7NbO6,1
Na5Bi2P(CO4)4,1
Li2AlCr2SbO8,1
CrSb(PO4)2,1
LiTiFeO4,1
NaAlO2,1
KRe4O8F13,1
Li5GaO4,1
RbNa3Li12Ti4O16,1
Li3Sc2(PO4)3,1
ZnH12C3S4(N3O2)2,1
LiZnAsH2O5,1
H5C3N5O,1
Nb3Sb(PO4)6,1
Ba3SiO5,1
Li3La5Ti6Nb2O26,1
K2Li3NiO4,1
Nb3Cr(PO4)6,1
V3Cu(PO4)6,1
LiSO3F,1
Li2Cr3P4(HO4)4,1
Re2H6PbC(NO5)2,1
K3CrPCO7,1
Nb9VO25,1
W(BrO)2,1
TiNi(PO4)2,1
LiVSiO5,1
Ba4Ti11O26,1
SmTmO3,1
Na2LiCuP2O7,1
Li2SbS2,1
WN2,1
Na3CoO3,1
CdSiO3,1
Li4MnSn(WO6)2,1
NaLiCu(PO3)3,1
LiSbPO5,1
Na3Bi(BO3)2,1
AgAsO3,1
AgPO3,1
Ti3P6WO24,1
Na9Li7V16O48,1
TiMn(PO4)2,1
Li5La3(SbO6)2,1
Na5Li3V8O24,1
SrLiSb,1
Li2Ti3FeO8,1
Li5Ti6FeO16,1
Bi3PO7,1
K2InSi4HO11,1
Li2Cr3SbO8,1
Li3MnP2HO8,1
LiMnVO4,1
Na7Li3V10O30,1
RbB3Te2O9,1
Li2TiSn3(PO4)6,1
BaTa6O16,1
ZnSeO4,1
LiNb(OF)2,1
Ca4Ta2O9,1
SiBi2O5,1
AgH9O5,1
Rb8SnO6,1
Y2Hg2O5,1
Li2TiS2O,1
LiSnAsCO7,1
Ca5Ta4O15,1
TbInO3,1
K5YO4,1
Sr3Ta2O8,1
Dy2Pb2O7,1
Tb2Pb2O7,1
Li2SbSO4F3,1
Y2(SeO4)3,1
Dy2Sb2O7,1
HoSO,1
Li2NbS3,1
Si2Sn2O7,1
Dy2SeO2,1
LiCrB2O5,1
Li2VFeO5,1
TbCrO3,1
La4Ga2O9,1
NbVO5,1
LiVOF3,1
Li2VSn(PO4)2,1
La3Ti3CrO12,1
HoCrO3,1
Rb4FeO4,1
Ca2In2O5,1
Li3CrClO4,1
Li3NbOF6,1
LiVBO4,1
LiFeBO3,1
HfCrO3,1
Mg2CoO4,1
VOF,1
NaFePCO7,1
K2MnPCO7,1
Li2CoGe3O8,1
Sr5Ta4O15,1
LiZnCr3(SO4)6,1
Li6B3SbO9,1
YSeO3,1
Li4NbCr(WO6)2,1
Ho2Ti2O7,1
K3MgPCO7,1
Sr2LaCl7,1
Sr3La2Cl12,1
Na3BiBPO7,1
YAl3O6,1
Na3BSbPO7,1
Lu(PO3)3,1
Sb2(SO4)3,1
Bi2(SO4)3,1
Tm3Sb5O12,1
La(ClO4)3,1
Dy2TeO6,1
La2Al4O9,1
ScInO3,1
Sm(ClO4)3,1
Ba2B2O5,1
SrNb2O4,1
Na4Sn2C4SO16,1
Li3Sn(BO2)5,1
Sm2B4O9,1
Li14Co2S9,1
Ba2La2O5,1
Gd3AsO7,1
Gd2HfO5,1
Tl3AsSe3,1
Ba2Y7Cl25,1
DyGaO3,1
Ho2(SO4)3,1
BaY3Cl11,1
Li5BO4,1
Li10Zn3(GeO4)4,1
Ga10Si2O19,1
Li8B2O7,1
Ce(ClO4)4,1
Na3AuO3,1
Ho2TeO2,1
Sr3TeO6,1
Li2Bi5B3O13,1
Li4B2O5,1
YHoO3,1
CuReO4,1
Li6B4O9,1
Bi6B10O21,1
Na2SnCSO7,1
Li2Bi2B2O7,1
Li2CdGeO4,1
Li3Bi2(BO3)3,1
Ho2TeO6,1
Li2Bi(BO2)5,1
Li7Bi(BO4)2,1
Mg2(TeO3)3,1
Tb2WO6,1
Li3FeBAsO7,1
Sr3GeO5,1
Na3FeBAsO7,1
Lu2(WO4)3,1
Cs4GeO4,1
Li3SiSbCO7,1
Li3Mn(BO2)5,1
LiMnB2O5,1
Na3ZnPCO7,1
Sr3(AsO4)2,1
Cs4SiO4,1
VSO4,1
CsLa3O5,1
K2Ge2O5,1
Ba3Ga4O9,1
Na2CuBSO7,1
Te(WO4)3,1
LiFeB2O5,1
Li2CoBO4,1
GdTa3O9,1
LiVSn3(PO4)6,1
Ba3GeO5,1
Be(CoO2)2,1
Na3CoPCO7,1
Na2Ge2O5,1
Sr3LaCl9,1
LiV(TeO4)3,1
Li4Y3MnO8,1
LiNiSbO4,1
Li3V(TeO3)4,1
Mn3(PO4)2,1
Na2FeBAsO7,1
Li2SbAsCO7,1
Na2FeBPO7,1
TiMn3O8,1
Ta2PbO6,1
Na3CrBPO7,1
Li3MnAsCO7,1
V4SnO12,1
LiTiV3O10,1
Na3VPCO7,1
Na3CrPCO7,1
Na3NiAsCO7,1
LiMnH4(SO5)2,1
Na3FeSiCO7,1
Li2NiCSO7,1
Na3MnAsCO7,1
Li4MnNb2WO12,1
Li2FeAsCO7,1
Te3WO12,1
Na3FeBPO7,1
Rb6Ti2O7,1
LiMnAlO4,1
Ta3InO9,1
Li3Al2VO6,1
TaAsO4,1
LiVSiCO7,1
Li3V(BO2)5,1
Li3V(BO3)2,1
Li2VBO4,1
Na5LiNi2P2(CO7)2,1
La4Zn3O9,1
Li3B2SbO6,1
Li4Co2C4SO16,1
Mn2P2O7,1
Li3Ti(BO3)2,1
Cr2(SO4)3,1
Cs6Ti2O7,1
Li5MnO4,1
Mn2(SO4)3,1
LiAl2FeO6,1
Li3TiCr3O8,1
Na3NiBPO7,1
Li3CrBPO7,1
K3NiPCO7,1
Na2MnBPO7,1
Li3Sn(BO3)2,1
Gd2W2O9,1
Li2CoPO4F,1
LiCr(CO3)2,1
LiB2SbO5,1
Na3CuBSO7,1
Li3V5O14,1
Ho(ClO4)3,1
Gd3TaO7,1
Li2Hf2O5,1
LiVTe2WO12,1
Li3MnAl2O6,1
Li2BSbO4,1
LaBiO4,1
La4FeO8,1
Sr3WO6,1
MnZnO3,1
Na4Cr2C4SO16,1
Li2Mn3O7,1
Li6MnO4,1
Li2AlVO4,1
Na6Mn2B4SO16,1
Mn4P2O9,1
Ta9PO25,1
La4Ti3O12,1
HoLuO3,1
Na3SnAsCO7,1
RbNa2BO3,1
CsNa2BO3,1
LiMgAsO4,1
Na3As,1
Ga2O3,1
BaCuP2O7,1
SeS2(NO)2,1
Na5InO4,1
Ca2ZnN2,1
SrZn2(PO4)2,1
BaLa2PtO5,1
InP2H6NO8,1
K4UO5,1
Tm2S2O,1
Cs2ZrO3,1
KLiSe,1
NaLiTe,1
K4HgP2,1
RbLiS,1
Ba4PtO6,1
HfSnS3,1
Rb2MnTe2,1
K2MnTe2,1
Rb2MnS2,1
RbNaS,1
ZrPdF6,1
CsPrS2,1
KSmTe2,1
PrBN2,1
RbAuS,1
Na6P4W,1
Ho2CF2,1
K2NbCuSe4,1
Na2P2PdO7,1
Ba2GdC2(O2F)3,1
NaSi2N3,1
Rb2HgF4,1
LiSiBO4,1
CsK2PdF5,1
Na5TaO5,1
TlBS2,1
Cs2SiP2,1
K2GeAs2,1
Ca10V6O25,1
K2Zr(BO3)2,1
Cs(SbS2)2,1
BaCdS2,1
GaP,1
Sr4Al6SO12,1
Ca4Al6SO12,1
Ba3NaNbO6,1
CsAsH6(CSe)2,1
CsAgO,1
CaSn2S5,1
CsSi,1
Co2(SnTe)3,1
CrH9(BrN)3,1
LiY(MoO4)2,1
YbMoClO4,1
LuBr3,1
Na2TlSb,1
NaNd(SO4)2,1
ErI3,1
K2MnS2,1
Yb(ErS2)2,1
CsNaSe,1
YbCl2,1
YBr3,1
BaMgTe2O7,1
Na2Hf2O5,1
TiH8(NF3)2,1
KSrCO3F,1
TmI3,1
TmBr3,1
TmCuPbSe3,1
MgH8(ClO6)2,1
KTm2Cu3Se5,1
TlN3,1
ScBO3,1
Na3AsSe3,1
Li5Fe(P2O7)2,1
Mn7F16,1
LiNi2P3O10,1
NaSi2BH2O7,1
Li5Si2BiO8,1
LiCu2F5,1
Li2SnTeO6,1
K4P2PdS8,1
KB6(HO)6,1
CsNa2Be6(BO3)5,1
Ca3Sn2S7,1
LiNd9Mo16O35,1
ReTeSCl4,1
La3ScBeS7,1
La17Al4(Si3N11)3,1
Cs4P2PdSe8,1
H16RhN5(Cl2O)3,1
KSiBiS4,1
NaSc(BH4)4,1
KGeBiS4,1
KSc(BH4)4,1
CuH3NCl,1
Ca7Sn3S13,1
BaDy2PdO5,1
BaNaP,1
RbAuSe,1
Rb3BP2,1
Ba3BPO3,1
CsAuO,1
K2SnSe3,1
K2GeSe3,1
K2PAu,1
Na3AlSe3,1
K2NaGaAs2,1
KLi6TaO6,1
K2NiP2,1
MgTa2O6,1
SrCu(SeO3)2,1
CsSbF6,1
NbInO4,1
K2ZnF4,1
TlGaSe2,1
Ca(ZnP)2,1
Ba(MgSb)2,1
Ca(MgSb)2,1
LiBeAs,1
AgCN,1
Cs3BP2,1
HfS3,1
LiBeP,1
Li2CeP2,1
Ag2GeS3,1
TaAgO3,1
KAuSe,1
Cs2ZrSe3,1
Sr3(AlP2)2,1
CsAsF6,1
RbAsF6,1
GeF4,1
WS2,1
Ba3NaRuO6,1
KDy(CO3)2,1
KGd(CO3)2,1
Yb4As2O,1
CaPS3,1
SrPS3,1
BaBAsO5,1
Sr2Sn,1
Ag8GeS6,1
Nd2Pt2O7,1
Rb2NbAgSe4,1
Cs3Sb,1
B4PbO7,1
SrF2,1
Cs2PtF6,1
Al2Te5,1
RbLiSe,1
KAlAs2O7,1
In2(SO4)3,1
Al6Cd4SO12,1
K3AuO,1
SmCuSeO,1
CdSeO3,1
Ba3Zr2S7,1
CdSe2O5,1
Rb2SnSe3,1
NdZnPO,1
Ba(SbO3)2,1
Sr(SbO3)2,1
CsBeAsO4,1
As2Se3,1
CsDyS2,1
CsTbS2,1
CsGdS2,1
CsNdS2,1
NaTmS2,1
Na8TiAs4,1
NaLi2AsO4,1
RbSe,1
LiAsF6,1
SrAl2P2(O4F)2,1
K2PAuS4,1
Pr2C(NO)2,1
KAg2SbS4,1
Sr(BO2)2,1
TcS2,1
NaYP2O7,1
HfTlCuS3,1
Sr4Al6TeO12,1
GeTe,1
ErF3,1
RbErS2,1
KErTe2,1
Ba2MgSi2O7,1
CdPS3,1
Tb2S3,1
KZrCuSe3,1
KZrCuS3,1
Sr2ZnN2,1
DyCuSeO,1
Ba(AuO2)2,1
Rb3Sb2Au3,1
K3Sb2Au3,1
TlPt2S3,1
CuP2,1
RbTbS2,1
Al2ZnTe4,1
Al2HgS4,1
CdP4,1
Rb2O2,1
MgUO4,1
NaTl3(SO3)2,1
MgIn2O4,1
K2Ni(CN)4,1
Na4WO4,1
Li2MnP3O10,1
LiTePO5,1
NaNiCSO7,1
Ba9La5Cl33,1
TaNbO5,1
Li3CuP2O7,1
Na2SnO2,1
CaMgB6H12O17,1
Ca3WO6,1
Li2MnP2HO8,1
Li14Fe4O13,1
LiMnP3H8O13,1
CaMnAs2(H3O5)2,1
LiMn3P3O11,1
LiMn3P3(HO6)2,1
Ca9La5Br33,1
Ba2GeAs2,1
Tl2SiS3,1
KScO2,1
K2ZnO2,1
Li2ZnGeO4,1
LiNO3,1
HgF2,1
RbTlO2,1
K2Mg(CO3)2,1
LaOF,1
Rb2S,1
AlCuSe2,1
Al2HgTe4,1
Mg2BO3F,1
Cs2O,1
K2PdF6,1
RbGdO2,1
RbSmO2,1
RbLaO2,1
Ba4Li(SbO4)3,1
Ca2CrO8,1
KNbS2,1
NaNbS2,1
MgPdF6,1
BeSiN2,1
LiGaO2,1
MgGeN2,1
Cs2ZnH12(SeO7)2,1
Ho2P4O13,1
Li3Bi3P8O29,1
Na5LaO4,1
ZnTe2O5,1
Ba4Br6O,1
Li3Sb3P8O29,1
Ba4Hf3O10,1
Na4Bi2C4SO16,1
Ba2MgO3,1
Y2ReO5,1
LiMnSiO4,1
MnH8(SO6)2,1
CsClO3,1
B2TeO6,1
Li2CrPHO5,1
Na3Sb5O14,1
Li2MnSiO5,1
Gd2(WO4)3,1
YScS3,1
LiCr(PO3)3,1
Tm3TaO7,1
Li2CuBi(PO4)2,1
BaLi4O3,1
BaNa6O4,1
Li4Fe3OF11,1
Li4FeSb(TeO6)2,1
Li4Mn3O8,1
LiVP4(H2O3)6,1
CrB3(HO3)3,1
Lu4Al2O9,1
NaCu3O2,1
Sc2Ti2O7,1
Sm3Al5O12,1
Li5LaO4,1
Na6Sn2B4SO16,1
Li7CuO4,1
Li9Cr2(H9O7)3,1
Li5FeO4,1
Na2Cr4O13,1
Li8TiMn3(PO4)6,1
Li4MnP6(H4O11)2,1
LiCr2P3O13,1
LiMnP2HO7,1
Li4FeO3F,1
LiMnCSO7,1
La2P4O13,1
LiSmO2,1
SrLiLa3MnO8,1
Li2V2P7HO24,1
LiMnP4(H2O7)2,1
SeBr2,1
AcGaTe2,1
SeI2,1
KNaLaTaO5,1
NbBO4,1
Li6UO6,1
RbAgO,1
Ba(AgS)2,1
Ca4PtO6,1
PdPtF6,1
S(OF)2,1
Mn15NiO32,1
CsRb2PdF5,1
V3(PO4)2,1
Li4Co(OF)2,1
MnV4NiO12,1
Li4Co2OF7,1
BaNd2PdO5,1
Li9Mn7V12O48,1
KNa2LiZr2(Si2O5)6,1
PF5,1
LiMn4(PO4)3,1
Na7Cr2O6,1
HoTa7O19,1
Ca2SiB5H5O14,1
Na6V2C4SO16,1
NaPaO3,1
NaLi2Bi,1
NaGaH8(NF3)2,1
DyB4Mo,1
Mg3TcH7,1
YbO2,1
NaMgSO4F,1
LiAcTe2,1
Yb3N2,1
Nd3SiAgS7,1
HoCl3,1
HoI3,1
BaNa2Mg(PO4)2,1
K2Mn3P4(HO3)4,1
LiNi(PO3)3,1
Li2Ni(PO3)4,1
Li4Ni(PO3)6,1
Li2VF5,1
Li4V2F9,1
Li3Si2BiO7,1
K6Al32O51,1
Li4Nb(P2O7)2,1
Li2Sn(PO3)4,1
NbBiO4,1
SbIrS,1
NdI3,1
BaCaGaF7,1
Na2AgAs,1
RbMgF3,1
CsCdF3,1
Na6ZnS4,1
Tl6TeO6,1
RbTe,1
BaMnS2,1
Lu2Ge2O7,1
Gd2CF2,1
Sr4As2O,1
Sr4P2O,1
NaCrH22N6(Cl2O)2,1
SnF3,1
Ba(CdP)2,1
Sr(ZnP)2,1
Lu2CdS4,1
KPS3,1
K2P3,1
ZnPtF6,1
CaPtF6,1
BaTe3,1
BaZrF6,1
Zn(PO3)2,1
LaBO3,1
BaTiF6,1
H28RuS2(N3O5)2,1
Li3FeO4,1
Li2Mn(Si2O5)2,1
NiH12S2(NO5)2,1
Li4Mn7(PO4)6,1
Li2V3P4(HO4)4,1
Li4CoO3F,1
AgH36S8Br2(N3O4)3,1
B6H10C2SBr,1
NaZn4H18SClO16,1
ZnP2H15C4NO8,1
LiSi6BiO14,1
K2CuP,1
Sr2SmNbO6,1
Fe2Sb(PO4)3,1
SrTiH4(OF3)2,1
InH9(NCl)3,1
SbH4NCl6,1
AgIO3,1
LiCr(Si2O5)2,1
BaP4O11,1
Li4Mn(SiO3)3,1
NaPrO2,1
KF,1
Rb2Li2GeO4,1
CrAgO4,1
ErTlO2,1
Bi2SeO6,1
NaLaO2,1
Tb2Pt2O7,1
CaBe3O4,1
BaSr3I8,1
UCd3O6,1
NClO3,1
Pb(BrO3)2,1
TeO3,1
LuNbO4,1
BaY2F8,1
BaBePO4F,1
HoTlO2,1
LaAgO2,1
BaLaBr5,1
Er2TeO2,1
NaCuO2,1
SbTe2F6,1
BCl(OF2)2,1
Zn(AgO2)2,1
HoBO3,1
Na4MgO3,1
Ba2HfO4,1
Sr3CaI8,1
LiTa2CuO6,1
NdSeO,1
NdAsO4,1
Tb2SeO2,1
DyClO,1
NaLuO2,1
Li5CuSO2,1
Cs2BaO2,1
YbCO3,1
DyTlO2,1
YScO3,1
NdInO3,1
CaAsH5O6,1
Na6MgO4,1
BaYCl5,1
Ti3N2O3,1
Ce3Y4O12,1
KPrPCO7,1
CsInO2,1
Er(BiO2)3,1
Cs3TmO3,1
BaTeO4,1
Y(BO2)3,1
BaTl2O4,1
KHoO2,1
In2Pt2O7,1
Cs3HoO3,1
Tm2SeO2,1
La4Bi2O9,1
YZr5O11,1
Pr3GaO6,1
BSbO3,1
Rb2SnO3,1
Hf2P2O9,1
KTmO2,1
BaSrO2,1
PCl3O,1
Li2CuSbO5,1
Ba4OF6,1
LiCuF4,1
Nb2O3F2,1
Sb3O4F,1
Hg,1
Li6CuF8,1
HoIO,1
Li4CuF7,1
LaBi5O9,1
NaGa5O8,1
Ti8O13,1
Na3BiO4,1
Ca2SiB2O7,1
Li2BiO3,1
NaTmO2,1
NaAgO2,1
TmBiO3,1
SrO,1
Li8TiS6,1
Zn2As2O7,1
K3SnPCO7,1
TiSnO3,1
CaSm2O4,1
SmErO3,1
KGePCO7,1
CsRbO,1
ClOF3,1
CsHoO2,1
LiH2BrO,1
TbLuO3,1
CsDyO2,1
Sr(AsO3)2,1
PrAsO4,1
Gd2CdO4,1
LiHfPCO7,1
Li7BiO6,1
Ho2TiO5,1
Li2TlPCO7,1
GdAsO3,1
Rb3HoO3,1
Rb2H8O5,1
Rb3ErO3,1
KSb5O13,1
Rb3SbO3,1
Li2Cu2Si8O19,1
LiNb(PO3)4,1
KZrPCO7,1
Li3As,1
Li10Cu(SiO5)2,1
Al2(SeO4)3,1
K3CaPCO7,1
BiSbO3,1
TaTlO3,1
Er2B4O9,1
LiZnBO3,1
TlGaO3,1
K3BaPCO7,1
LiBSbO3,1
MgCu2(SiO3)4,1
K3GePCO7,1
Na2TlPCO7,1
TbTmO3,1
CuH4(IO4)2,1
Li3Nb3TeO12,1
LiSbO3,1
K4Sb2O5,1
BeH2SeO4,1
CsCa(NO2)3,1
Li2Nb(PO4)2,1
SmY15O24,1
Ba4In2O7,1
BaZnGeO4,1
LiCuC2O5,1
Os(OF2)2,1
Ba8In8O19,1
Li3Sn2(PO3)7,1
ZrTi2O6,1
SmH2ClO2,1
Sc2Ge2O7,1
Ca3In2O6,1
Sr2Tl2O5,1
Na7Cu7O13,1
LaTa3O9,1
Ca4Bi6O13,1
CeZr6O14,1
ZnP2H14C2(NO)6,1
LiCu(PO3)4,1
Mg17(As3O16)2,1
Th4P6O23,1
MgSO4,1
LaNb3O9,1
Na3AsO4,1
GdTmO3,1
LuBO3,1
AgBrO4,1
NaLiO,1
Ca4I6O,1
CaBiO3,1
SrLa2Cl8,1
Na5GdO4,1
Lu2Sb2O7,1
Lu6TeO12,1
Na2Be2O3,1
HfBiO4,1
SmYO3,1
Lu3TaO7,1
LiCuO,1
Ho2Pt2O7,1
Y2SeO2,1
HoBrO,1
Cs3YO3,1
Sr2Ti6N2O11,1
Dy3TaO7,1
La2Ce2O7,1
Ba3(BO3)2,1
BaNa2O2,1
TbNbO4,1
Gd3InO6,1
Li2NbOF5,1
Li2HfO3,1
Er2Zr2O7,1
LiLaO2,1
Rb3YO3,1
WSCl4,1
DyLuO3,1
ErAlO3,1
SmDyO3,1
Er2TiO5,1
SrLaBr5,1
RbNbO3,1
Li2CuSnO4,1
Lu2TeO6,1
SrSc2O4,1
Li2CuAsO4,1
Al2HgO4,1
ZnIn2O4,1
Li2Ti2O5,1
LaDyO3,1
Lu4(B2O5)3,1
TbGdO3,1
Cu(SbO2)2,1
TbSmO3,1
Sr3Nb4O13,1
CoHRu3(CO)13,1
Na3LiMo2(H6O7)2,1
CoH17C(NO)8,1
H7CSN3O4,1
SrPHO4,1
Ca19(Mg4H27)2,1
Na3YH6(CO4)3,1
MgH12(NO6)2,1
Na2Zn(HO)4,1
BaCaP2(HO4)2,1
InH5(NF)2,1
PH2NF2,1
CaH4Se2O7,1
K2HI2ClO6,1
CdRe2H8C2(N2O5)2,1
RbInPHO5,1
NdAl3(BO3)4,1
CaAl2Si2(H2O5)2,1
CuH6(SeO4)2,1
H7C3N3O5,1
H9PtN2ClO2,1
TlCuHCO4,1
PrH(SeO3)2,1
Na2TiSi4H4O13,1
CaB3H13O12,1
Na2LiP3H8O13,1
SmAlO3,1
Na3SbO4,1
Na2AgSb,1
NaAuF4,1
LiHCO2,1
SiPH18C6INCl,1
H12OsC4N(OF)3,1
ZrH27C8N2Cl5O2,1
H5C2NO3,1
Sn2H10C4N2O9F2,1
K3GdH6(C2O5)3,1
RbNa3Mo2H18O17,1
LiH20C8BrO4,1
NaAgF4,1
InH8C8N4Cl7,1
HgH16C6(N2Cl)2,1
ScH16I3O8,1
Na2Ca29ZrSi16(O7F2)8,1
CaH16C4N8(ClO2)2,1
Rb2FeH2C5(N3O)2,1
SrMoAsH3O8,1
Na2CoH8(CO5)2,1
NiSn2H12(OF)6,1
Ba2Fe3P6HO22,1
HgH3CSO3,1
BaRe2H12C3N6O11,1
H8Se2N2O5,1
H12PtN6(ClO3)2,1
CdH3NO5,1
PH3NF5,1
CaHgH16(BrO2)4,1
MgCdH4(N2O5)2,1
CdH18Se4(N2O7)2,1
ZnH16C6S2(N2Cl)2,1
MgP2H12O11,1
PH11C(NO2)2,1
CdH4S2O5,1
SbHC2NCl11,1
RbP(HO2)2,1
NaCa2B9(H2O5)4,1
Li3La2H6(N3O10)3,1
KPH5C2SN3O4,1
LiCuH4Cl3O2,1
BaSiP4(HO7)2,1
AlP3(HO5)2,1
Na5H7(Se2O9)2,1
Na2GeH16Se3O8,1
ZrH14C2(N4F3)2,1
CaB3H3O7,1
K2H2C2S2N2O,1
H3PbS2N3,1
KBePO4,1
RbBe2BO3F2,1
ZrPbF6,1
UP3H10ClO8,1
CaU2Si2H12O17,1
SmZrF7,1
NaAs3H2O9,1
ZnInH14O7F5,1
Sr20P12Br(O16F)3,1
HgPSe3,1
Nd(PO3)3,1
ZnAs2,1
Na2Ni(H7N3)2,1
K6BiH3(Cl2F)4,1
Sr2Zn(HO)6,1
KAlH6(OF3)2,1
La2SeO2,1
K2P2H2O7,1
BaH6C4O7,1
BeH14(I2O9)2,1
Na5H29(IO12)2,1
H2C2S3N2(OF)6,1
TeP4H26(NO5)4,1
Na2Si(H3O2)6,1
K2B6H5NO2,1
NdBO3,1
NiH44C12(N5O8)2,1
Hg2SeO4,1
H12WN3O3F5,1
CrH6SO7,1
FeP3(HO5)2,1
VH10SO10,1
VH8C2N2O6F,1
MnH(CO)4,1
CoH14N5O9,1
V2P2H6PbO14,1
NiH12(NO6)2,1
Na2TiCr(PO4)3,1
Cs3B6H12Se4Br,1
CoHRu(CO)6,1
NaMn6Al3H42(SO19)2,1
Mn9Al2Si8(HO4)8,1
Rb2Se3,1
KVH4O7,1
Cr2Hg2H2O9,1
V2PH10C2N2O8F,1
ZnCrH15N5Cl4F,1
Mn2PH9(C4O3)3,1
CoPH4ClO3,1
ErCrHO5,1
Mo4H8N2O13,1
Cr3H24C8(NO5)2,1
CeTh2O6,1
Ca2CuB2(HO)12,1
Ba2GeO4,1
K2SnO2,1
CaGd2O4,1
YbB4O7,1
NbNO,1
Dy3Y5O12,1
Sm2TiO5,1
Mg3Te4O11,1
Te(S2O7)2,1
BaLu2O4,1
CoH22C3(N3O4)2,1
IClO,1
La2Se2O,1
Tm2Pb2O7,1
Dy2SiO5,1
Rb2ZrO3,1
Ce2Sm2O7,1
Ba2Na2O3,1
Th2TeN2,1
RbHgF3,1
RbLuO2,1
CsFeH24(SO10)2,1
CoH8(ClO2)2,1
DyTmO3,1
Li2Cr2H4O9,1
FeP3H5NO10,1
KMgIn(MoO4)3,1
K4Na2FeH3F12,1
MoH2Cl2O3,1
ZrCrCu2(PO4)3,1
Mn3H24(O3F2)4,1
H12WN3(OF)3,1
TiMnCr(PO4)3,1
KBaFe2(PO4)3,1
MnH2(SeO4)2,1
MnTlH2OF4,1
FeP2HO7,1
CrH14N4Cl3O,1
NaCuTe,1
NiH12(BrO7)2,1
V2CuH6(NO3)2,1
Sm3ReO8,1
Na4AlP2HO9,1
LaP3(HO)6,1
NaH2BrO5,1
K6Te2P6(H4O11)3,1
Ba3In2(HO)12,1
AlH6N2Cl3,1
LiB5H2O9,1
MnPH5CO4,1
VH8N2O5F,1
SrV2P2(H4O7)2,1
CoP2H17N4O9,1
LiMoH6NO5,1
Mn5P4(HO2)10,1
RbSb,1
Rb2CrH2Cl5O,1
K2Cr2AsHO10,1
NaCa3MgFe(Si2O7)2,1
MnH8(NO5)2,1
KP,1
VH12C2S2(O2F)6,1
K5HfIn(MoO4)6,1
K2MnH8(SO6)2,1
Na3CrH14(C3O8)2,1
MnH16C4N(OF2)2,1
K3VH6C4O13,1
CrSb2H12(C2O)4,1
K3Cu3P2,1
CrP2H13(NO5)2,1
VH5Se2NO7,1
VPH5NO6,1
MgCoH16(ClO2)4,1
Ca8V7ZnBiO28,1
NiH4(IO4)2,1
Na3CrH10C6O17,1
Li4Fe2O5,1
Ba2Sb2O5,1
Y13Ho3O24,1
LiSi2NiO6,1
LiMn5O3F5,1
LiV2F5,1
Li3CrSiO5,1
Li3VOF5,1
MnH8(NF3)2,1
Li13Mn3(SbO8)2,1
Li5VF8,1
Li2Ag3F6,1
KFeO2,1
Mn2F7,1
Ti2Mn(PO4)3,1
Li6V2O5F2,1
Li3VOF6,1
Na5TlO4,1
Cr2H21I7(N2O)3,1
LiMn8F33,1
MnOF,1
Li2CoSi3O8,1
LiMn(CO3)2,1
Li6MnF8,1
SrP2(H2O3)2,1
Zr6Nb2O17,1
RbInBP2HO9,1
Ti4SnO10,1
LiCrO2,1
Li4MnFe3(PO4)4,1
Na2W3O10,1
Li2Cu2Si4O11,1
As2Ru,1
NaPH3C2N3O4,1
Li2CrCoO4,1
Li5FeO3F,1
Ti2CoO5,1
Li6VO5F,1
Ga2CoO4,1
CoRe2(H2O3)4,1
Li6VF8,1
Li2Mn(PO4)2,1
NaVPO5,1
NaV2O5,1
K3SiTe3,1
Sm3Ta17O47,1
Sm11Y5O24,1
Li3V4O11F,1
Na5GaO4,1
TiMn3Te2(PO4)6,1
ZnNi4O5,1
K2AgAs,1
NaMn(PO3)3,1
Na5FeO4,1
NaFeP2O7,1
Li5Ni2(PO4)3,1
NaNi2P3O10,1
Li2TiNiO4,1
Sc2Si2O7,1
V4O7F5,1
Li2Mn3WO8,1
Na2CuP,1
Li2Mn4O5F3,1
Mn3VSb2(PO4)6,1
Li2VFe(P2O7)2,1
RbLiMnP3HO10,1
Na3LiMnBPO7,1
SrLiVPO6,1
NaLiMnPCO7,1
Mn(PO3)3,1
Li6Mn(OF2)2,1
Li2Mn2(CO3)3,1
Li5(CoO3)2,1
V3Zn7H3SO19,1
Li4Mn5O10,1
LiP3(WO6)2,1
Li2Mn2C2O7,1
Na3VO4,1
Na8FeO6,1
MnFe(PO4)2,1
LuAsO4,1
RbCrH4(C2O5)2,1
Li6Mn11(OF12)2,1
Li2Mn4OF8,1
Li2Mn3OF6,1
LiNiF3,1
CrOF,1
Li3MnO2F,1
Li3FeSiO5,1
LiVOF4,1
LiMn3OF5,1
Mn2OF2,1
RbLiV(PO4)2,1
K2AgSb,1
Li3MnF6,1
Li3MnF5,1
Na3Ni2O5,1
W7(OF5)6,1
KLiMnPCO7,1
NaLi2CoPCO7,1
Li2MnCO5,1
Li4VO4F,1
KLi2MnPCO7,1
LiCrCO3F2,1
LiMn2O3F,1
Li6Mn2O5F2,1
Li6MnO4F,1
Na2ErPCO7,1
Na2LuPCO7,1
NaTiPCO7,1
LiCr3Ni(SO4)6,1
NaCePCO7,1
Na2SmPCO7,1
Na2ScPCO7,1
Sr4Cu2O7,1
Li6ScFe5(SiO3)12,1
Na2YPCO7,1
SrLiLa3FeO8,1
Li4ScFe3(SiO3)8,1
Na3SrPCO7,1
NaPH2OF6,1
K2AlPCO7,1
KNbPCO7,1
K2HoPCO7,1
LiLaTi2O6,1
Li3CuSbO5,1
Li15Ti11Nb5O42,1
Li10Ti11Nb6O42,1
YBiO3,1
Li2YPCO7,1
Li2SbPCO7,1
Li2HoPCO7,1
Li2ErPCO7,1
TmTaO4,1
Dy2SO2,1
Na3MgPCO7,1
Na2DyPCO7,1
Na2GaPCO7,1
V3H4NO8,1
VSO4F3,1
Li3Mn3(BO3)4,1
Li2Si3NiO8,1
BaV8O21,1
Li2Si2Ni2O7,1
NiH36C12S6(I2O3)2,1
Na6Ca3MnC6(O9F)2,1
Li2Fe(BO3)2,1
LiLa2Ti2CrO9,1
Li2Fe2Si3O10,1
Sr2CrCO3F5,1
VFe(P2O7)2,1
NaNdPCO7,1
Li12Mn3VP4(CO7)4,1
Li2Cr(CO3)2,1
Li2VOF3,1
Li3Fe(Si2O5)3,1
Li3Cr(Si2O5)3,1
Li2Ni4OF8,1
LiCrCO4,1
Li3Fe(CO3)3,1
Li4Ti5S12,1
Ce3Th4O14,1
Li4TiS4,1
LiSnP2O7,1
NaSnPHO4F,1
K2NaZn2H5(C2O7)2,1
Li7Ti7Nb5O30,1
Na6ZnO4,1
Ti(PO3)4,1
NaSb5O13,1
Ba6CaI14,1
Ag7Sb9O25,1
Ba2Ca7I18,1
Ca2Bi10O17,1
H20C3(N2O5)2,1
YTmO3,1
Er2H16S3O20,1
Al11InO17,1
Gd3Y13O24,1
Li3BiS4,1
Li3NiPCO7,1
MnH8C2S2(NO2)2,1
V(Bi5O8)5,1
Li7Mn(OF)3,1
Li2Mn7F16,1
Li3Mn2OF5,1
Mn4OF6,1
Li2Mn3O4F3,1
Ca5MnO6,1
SnP4O11,1
Li8MnO5F,1
LiLa3Ti2O9,1
Li2VOF4,1
K3Li2Nb5O15,1
Sn4P2O9,1
Li7MnO5F,1
Sb3PO7,1
V2Bi24O41,1
Cr3(OF)2,1
Li2CoSn(PO4)2,1
LiMn2F9,1
Li5MnF8,1
Cr2OF2,1
Li4Si2NiO7,1
Li3Fe2(PO4)3,1
K2InH2Cl5O,1
Li2BiP3O10,1
TeH3CCl3,1
Li2Ti6Zn3O16,1
Sb3O2F5,1
Bi7(O2F3)3,1
Bi25BO39,1
La26B8O51,1
NaGa3P2(HO3)4,1
Li2Cu2P4O13,1
LiSi2BiO6,1
ScH6Br3N2,1
LiFe2(CO3)4,1
LiSb4P7O24,1
H9CN5Cl2,1
As3H12C4S5N,1
Na3Cu5O4,1
GeF2,1
LiNbSn3(PO4)6,1
LiCu(HO)4,1
LiSb2P3O11,1
AgH8C4N8F,1
CsLiF2,1
Li2Ti7Nb6O30,1
MgSiH12(OF)6,1
Nb5O12F,1
Li2CaSiO4,1
Na4Ti7O16,1
Al10ZnO16,1
Li2AgF4,1
GaH7(NF2)2,1
LiTeHO4,1
Li4Cu(PO3)6,1
Ce4Y2O11,1
PH6NO2,1
Li2PdO3,1
SmBO3,1
Cu2O3,1
AsH3C(SF2)3,1
Bi6O5F8,1
Bi5O7F,1
Na7SbO6,1
Li2TiF6,1
Bi5O4F7,1
Ba16S16O59,1
Sn13(O5F3)2,1
Sr15Pd5O24,1
NbGaO4,1
Nb(SO4)2,1
LiSbF4,1
Li3Cu2F7,1
Rb4I2O,1
K2Mg3P4(H5O6)4,1
Na2CdO2,1
Y11Ta5O28,1
CaGd4O7,1
La10Bi8O27,1
Li3Ti2(PO4)3,1
ZnP2H7NO8,1
Ba8In6O17,1
CaH12(IO6)2,1
Li3SiBiO5,1
Bi10(Pb2O7)3,1
Sb8Cl2O11,1
TiNb2O7,1
Y6O5F8,1
LiTi(PO3)4,1
YH2(CO3)2,1
Ba7Pb17O24,1
Y13Ho19O48,1
Li4Sn(PO3)6,1
Hg3(SF)2,1
LiSn2P5O16,1
K2MgH8(CO5)2,1
Be(GaO2)2,1
MgAl10O16,1
Li2Sn3(P2O7)2,1
CsSi3HO7,1
Li3Bi3(PO4)4,1
InH10N2Cl5O,1
La2H22S6N6O23,1
K2Mg(H2N)4,1
H21C6N2Cl3,1
B(HO)3,1
Li3Sb3(PO4)4,1
Zn5P6H22(NO11)2,1
Na5CuHO4,1
As2HPbF13,1
NaYH8(CO3)4,1
Na6Zn3As4H6O19,1
Al11TlO17,1
MgBP(H3O4)2,1
Li3AgF4,1
Li3CuSiO4,1
CaAs2H6F18,1
LiBi2P3O11,1
B5PH4Cl,1
Li5CuF6,1
Li3CuF4,1
MgP2(H8O5)2,1
UH12S2O15,1
NaH2C2N3O,1
H16Ru3C6(Cl3O7)2,1
Mg2NF,1
VH10(CO5)2,1
Li3Mn4P3H12O19,1
Li3CrP2HO8,1
Li2VF7,1
Li3VF5,1
LiMn5P3O13,1
Li7MnP4O14F,1
LiFe2P3O11,1
Li2Fe2Si2O7,1
TaCrO4,1
Li4Cr2Si3O10,1
Li2Cr2SiO6,1
Na2Cd2O3,1
LaH9(SO6)2,1
P(H3C)3,1
Li4Ti7O16,1
Li2P2WO8,1
K2Ti8O17,1
Li2NbCr3O8,1
Li2P4WO13,1
LiV(PO3)4,1
LiMnCO4,1
LiMn2(CO4)2,1
LiFeCO4,1
Li2MnCO4,1
Li2Cr(Si2O5)2,1
Fe2(CO3)3,1
LiV2(PO3)5,1
KMn2P2HO9,1
Li5V(P2O7)2,1
LiP2WO7,1
LiMn2(CO3)4,1
LiP3W2O13,1
Li4MnSb2WO12,1
LiCrF4,1
LiP2WO8,1
Li2VF6,1
Li2PWO6,1
Na5FeHO4,1
Li2Co(Si2O5)2,1
V2NiH6(NO3)2,1
Li3P2WO8,1
LiV3O8,1
LiMn2(BO3)2,1
Na2Li2CoO4,1
ZnFeH4O2F5,1
LiMnPO4F,1
Mn(Bi5O8)5,1
Li2Co2(CO3)3,1
Li4Co3Ni2Sb3O16,1
LiCr(PO3)4,1
Li4Co2Si3O10,1
Li2Si6Ni3O16,1
Li4Mn2Si3O10,1
Li5MnP3O11,1
Li3MnPO5,1
Li4MnSi2O7,1
CoH2SeO4,1
Li4Nb3V3Cr2O16,1
Li2Fe(Si2O5)3,1
Li2CrPO5,1
BaMnO3,1
TaFeO4,1
K3MnCrO8,1
MnVHPbO5,1
Li4V(PO4)2,1
LiTi3V(PO4)6,1
Mn(AsO2)2,1
Na5LiCo2P2(CO7)2,1
V2Ge2O7,1
Li2CrSn(PO4)2,1
RbPH3O4F,1
Zr6O11,1
Ti9SnO20,1
Cu4OF6,1
Li2CaGeO4,1
NaCu(PO3)3,1
Li5VP3O11,1
Li6Cr3Sb(PO4)6,1
K2OsO5,1
ThH10N4O17,1
Na4Cu6O5,1
Li2NbCo3O8,1
Ba4Li4Ti19O44,1
NiP2(H8O5)2,1
LiNb(TeO4)3,1
NaH4Au(Br2O)2,1
LiCuF3,1
LiNb(BO3)2,1
Na5Li3Ti5O14,1
Li2MnV(PO4)2,1
Cs3YF6,1
Li2V2Si5O13,1
K2W4O13,1
SbOF3,1
LiCu(PO3)3,1
LiCoSbO4,1
Li2VCo3O8,1
Na2BiO3,1
Li2Co3SbO8,1
Li2Fe(CoO3)2,1
Li4Co5SbO12,1
LiFeSi3O8,1
Na3CuO3,1
K2PtBr4,1
K2SbCl5,1
Cu(IO3)2,1
Tl6Si2O7,1
Ca2Hf7O16,1
AuBr3,1
Sb2IF15,1
B9H8S,1
B13H19,1
Na4As2O7,1
SnI2,1
CsBe2F5,1
Zr7(NO2)4,1
B10(Pb2O7)3,1
NdSBr,1
HgPS3,1
ZnI2,1
P2H8O9,1
K2Sb4O11,1
Bi(PO3)3,1
BiPS4,1
Zr2P2O9,1
Te4O9,1
LiSn2(PO4)3,1
SnF4,1
SnPO4,1
Be2TlF5,1
Se2O5,1
Pb2OF2,1
SbCl2F3,1
Sr(Ag3O2)2,1
SbN3Cl4,1
Be(BH4)2,1
Ge5F12,1
Xe(OF)2,1
Tl3CoCl5,1
CaTiF6,1
Na4Sn3F10,1
SbBrF8,1
Na3NbO4,1
RbAuBr3,1
Ca3AsBr3,1
Tl4HgBr6,1
Hg3As2F12,1
TlPb2Cl5,1
P(HO)4,1
Li3BO3,1
Ca3PI3,1
PBr3,1
Ga2TeS2,1
TlCdI3,1
Bi2TeO6,1
CsTcO4,1
NaAg3O2,1
MnH2(SO4)2,1
Li2MnPCO7,1
K2MgCr2(H2O5)2,1
Li2CrPCO7,1
KCrClO3,1
CoH8(IO5)2,1
Y2Ti2S2O5,1
Li2Te,1
Pb2WO5,1
Nd2WO6,1
Bi2WO6,1
MgPb2WO6,1
Sb2Os,1
CaV4(AgO6)2,1
SrVPO6,1
GdVO4,1
VInO4,1
K2CaNi(NO2)6,1
NiSeO3,1
MoH8S2(NO)2,1
Mo(CO)6,1
Nd2MoO6,1
CsMoPO6,1
Sm2MoO6,1
BaMo2(P2O7)2,1
KMoP2O7,1
Ba3WO6,1
Li3Bi5(PO4)6,1
CsAu,1
LiN3,1
TlF3,1
Li2Cu(PO3)4,1
MgO2,1
Na2W2O7,1
BaV2CdO7,1
NiH14SO11,1
NiH4SeO5,1
Rb2NiH12(SO7)2,1
Na2Mo2O7,1
MoH8(NO2)2,1
MnH8SO8,1
MnH6(CO3)2,1
LaFeGe2O7,1
Sr2Ge,1
KCoH6(N3O4)2,1
K2NiH8(CO5)2,1
Ni3(PO4)2,1
Bi2MoO6,1
MnH8(ClO2)2,1
Na2CoH8(SO6)2,1
PWO4,1
Li2VPO4F,1
NiH2SeO5,1
Mn4Be3Ge3SO12,1
Na2Te,1
K2TiCl6,1
NaHF2,1
Tl2TeCl6,1
Tl2SnCl6,1
Rb2ZrCl6,1
Rb2SeCl6,1
Cs2TiCl6,1
PICl6,1
CS14,1
Ba(GeP)2,1
BaSn2S3,1
Nb(SCl)2,1
K2S5O16,1
SrBe3O4,1
XeIF7,1
TcCl4,1
Hg(Mo3Cl7)2,1
NClO6,1
AlTl2F5,1
In2(PS3)3,1
AsXeF7,1
K2Sb4S7,1
Be(B3H7)2,1
PdI2,1
K2CdO2,1
B4H5,1
KNb3O8,1
H2SeO3,1
HgBrO3,1
BrF5,1
YClO,1
U(OF)2,1
LaI3,1
SmBr3,1
NdBr3,1
AcCl3,1
CuN3,1
Ge(BiTe2)2,1
TiNCl,1
NbAlO4,1
AsClF8,1
GeI2,1
K2BeO2,1
Na3BiO3,1
FeSbS,1
Ba(NO2)2,1
BF3,1
B5H11N2,1
NO2,1
KMgCl3,1
TaCl4F,1
Hg3(TeBr)2,1
Rb2SnO2,1
Na4B2O5,1
CsNbO3,1
Ta2SnO7,1
La2ReO5,1
K2Zr2O5,1
K3W2Cl9,1
Li2ThN2,1
BN3Cl2,1
Tc2O7,1
Sn2OF2,1
Sb2TeF14,1
Al2PdCl8,1
TeAuI,1
Zr(IO3)4,1
RbBiF6,1
NaBiF6,1
Na2CoCl4,1
IrBr3,1
NiCl2,1
CsSnCl3,1
Nb3CuO8,1
K4Zr5O12,1
Tl4HgI6,1
SnClF,1
SeOF2,1
KNiCl3,1
Tl3PbBr5,1
Re2P5,1
GaSbCl6,1
CCl2O,1
AuI,1
USeO5,1
Pd(S3N)2,1
H3OF,1
InClO,1
Zr3N4,1
Y6UO12,1
ThI4,1
Cd2P2O7,1
K5As3O10,1
NaSb3F10,1
Te2I,1
RbB10H9,1
K2TcCl6,1
Nd2O3,1
Te3Cl2,1
Na2PbO2,1
Na8Ga2O7,1
K2ReF8,1
SrSe,1
Na4P2O7,1
Cd2As3I,1
Sc2GeO5,1
Te5(O2F11)2,1
Ca2B6O11,1
YH3(CO2)3,1
LiB(HO)4,1
Na4Ga3Si3BrO12,1
Na6S2ClO8F,1
Na4Al3Ge3IO12,1
Li4Al3Si3ClO12,1
Hg3AsClO4,1
TlRe6Se8Cl3,1
KSbClF3,1
RbLi2(IO3)3,1
SrNb2Bi2O9,1
K3B6BrO10,1
Ba5Ho8Mn4O21,1
Cs4BiSbCl12,1
KBa4Bi3O,1
AsSe6IF6,1
XeN2(OF4)2,1
KIO4,1
Ge3(BiO3)4,1
In(IO3)3,1
Ag2BiO3,1
GeBi2O5,1
Bi4Br2O5,1
KSn2Br5,1
K2ZnBr4,1
InPb2I5,1
SIO3F,1
CuH4(ClO)2,1
Ca3Al2H6S(OF)8,1
SrHCl,1
Na3H5(CO4)2,1
LiHSeO3,1
NdH3(CO2)3,1
Sr7(H6Cl)2,1
Al2P2H9NO11,1
H4OF2,1
NaCa2Si3HO9,1
Rb3H(SO4)2,1
SmH3(CO2)3,1
H9C4NO4,1
KNa(BH4)2,1
BaH3C3O7,1
SiH9C4F3,1
Mg2PHO5,1
SiH4,1
KMgH3,1
NaMgH3,1
K2CaH2S2O9,1
BeAlH5,1
Mg(AlH4)2,1
NaAlH4,1
NaHCO2,1
H2CO,1
SrH2,1
BClF6,1
MoNCl3,1
K4CdCl6,1
RbCdCl3,1
GaSeBr7,1
Sn2Bi2O7,1
Sr2Bi2O5,1
Hg2BrN,1
Rb2PtCl6,1
NaBrO3,1
Ca4Cl6O,1
Sr4Cl6O,1
Sr2InI5,1
NbCl5,1
RbI,1
RbCl,1
HgBr2,1
PbCl2,1
KCl,1
AlBr3,1
TeI,1
NaI,1
BeCl2,1
GeI4,1
BCl,1
KBr,1
BCl2,1
CsAg2I3,1
Ti(Bi3O5)4,1
Ce(IO3)4,1
Si(Bi3O5)4,1
RbNiCl3,1
CsAuCl3,1
Rb2PbCl6,1
AgBi3S5,1
Cs2TeCl6,1
CsAgBr2,1
Hg6Sb5Br7,1
Sn3BrF5,1
Rb2AgI3,1
AsCl2F3,1
Cs4PbBr6,1
BaClF,1
LiYb2Cl5,1
Sb4Cl2O5,1
Hg3(SCl)2,1
InSn2I5,1
Li2ZnCl4,1
SbCl4F,1
K2TeBr6,1
Tl4Bi2S5,1
Cs2PtCl6,1
TlBrO4,1
Dy2O3,1
CsAlH24(SeO10)2,1
ZnH12SeO10,1
H8S(NO2)2,1
GaP3(HO5)2,1
MgH6(SO4)4,1
SrH2N2O5,1
CaP2H6O7,1
KHSeO3,1
KH2N,1
BaHBr,1
K2LiAlH6,1
PH4I,1
SrGe(HO2)2,1
MgB3H15O13,1
CaPHO4,1
CaPH5O6,1
CaH8(ClO2)2,1
Na2AsH15O11,1
CaAs(HO)7,1
H3CSO4F3,1
CdH4NCl3,1
KBe(H2N)3,1
ZnH12(SO6)2,1
K3GeH3S3O2,1
MgH2Cl2O,1
AlSiH9C3Cl2O,1
MgH8SO8,1
TlFeC3NO4,1
Fe2P4PbO14,1
FeMoClO4,1
FeAsO4,1
RbFe(SeO4)2,1
KCrP2O7,1
Cr3BO6,1
SiOs,1
K3Co(NO2)6,1
H12C4NClO4,1
RbGaBP2HO9,1
NaZnP3(H4O5)2,1
CrH8C4(S2N3)2,1
ZnH8SO8,1
RbZn2P2HO8,1
CsHF2,1
Rb4Mg3H10,1
YH3(SO4)3,1
ErH3(SO4)3,1
LiP(HO2)2,1
ZnH2SeO4,1
Be3As2(H2O5)2,1
Tb2O3,1
MgH8(IO5)2,1
As2Os,1
CaH4SeO6,1
PH5NO3F,1
Gd(HO)3,1
AgH5S2O9,1
AgH2ClO5,1
K2CuH12(SO7)2,1
CoH9(CN2)3,1
K3AlH6,1
Si3H9N,1
H4NClO,1
CaZnAsHO5,1
Rb2HBrO,1
MgH12(BrO6)2,1
BeH8SO8,1
CdH8C4(S2N3)2,1
HIO3,1
YH12(ClO2)3,1
CuH2SeO5,1
RbCaH3,1
H2O2,1
LiPH2O3,1
TiH12(NF2)4,1
Ca2Al3Si3HO13,1
H6CN3ClO,1
LiH6NO6,1
Rb3H(SeO4)2,1
MgTe(H4O3)3,1
SrH12(ClO3)2,1
NdP2H9O10,1
Mg3P4H48(NO15)2,1
KC,1
Sr2H6Ru,1
AlH36C12S6(IO2)3,1
CdH20C4S4(NO6)2,1
CaH20C4S4(NO6)2,1
Rb3B12H12I,1
K(BH)6,1
Sc2P3(HO3)3,1
H6CN4O,1
LiHF2,1
CsGaP3HO10,1
RbH6C2S2NO4,1
Dy(HO)3,1
Li2H2SeO5,1
PH8N2O3F,1
CuP2(HO)4,1
LiNd2HO3,1
LiLa2HO3,1
NdH2ClO2,1
Rb(BH)6,1
Tb(HO)3,1
LiAlSi2H2O7,1
CdF2,1
Mg3Si2H4O9,1
CuH,1
H4INO4,1
SrPH3O4,1
La5B4N9,1
RePCl9,1
K4CdAs2,1
Cs3Fe2Cl9,1
Sb4S5Cl2,1
CuSe2Br,1
Bi3ClO4,1
CuW3Cl7,1
P2SeO3,1
K4Bi2O5,1
GaTeI7,1
Ag5CF4,1
Rb3Mn2Br7,1
BrNO3,1
RbBiO2,1
PHF4,1
CsXeF7,1
Hg2TeO3,1
Zn(AsO2)2,1
Cs3BiO3,1
ClF,1
Al2Te3,1
Rb3AsSe16,1
HS8N,1
K4HgAs2,1
C2(OF2)3,1
NaSnP,1
UCO5,1
SrLiN,1
Cd4P2Cl3,1
HoClO,1
Ca11InSb9,1
AgW3Br7,1
BaSi7N10,1
TiNb3O6,1
Nb3ClO7,1
K4Sb2O3,1
Rb2AgCl3,1
Tl2Te2O5,1
Ca3AlN3,1
BaAg8S5,1
NaGe,1
B2H4C,1
GeBi4Te7,1
NaNO2,1
K4MnBr6,1
Na4SnS4,1
RbEu2I5,1
SrPr2O4,1
Rb2ZrTe3,1
K2ZrTe3,1
NaP4N7,1
LaBN2,1
Ge3Cl8,1
Th2Ta2O9,1
Li5BiO5,1
Li5SbO5,1
K2U2O7,1
Zr6CCl14,1
Ba3(TaS4)2,1
HSN,1
K4Au6S5,1
Tl3BS3,1
Pt(PbO2)2,1
KH3F4,1
K2H5F7,1
BH2N,1
InI2,1
Y2InCl7,1
Ba3(GaS3)2,1
Cd3(ClO)2,1
Cs3CoBr5,1
Ca2Ge7O16,1
NaSbF4,1
SICl7,1
PrIO,1
Li6VCl8,1
Cd2P3Cl,1
Cd2P3Br,1
Tl2SnSe3,1
Ta4P4S29,1
P4(SeO2)3,1
Rb2IN3,1
Na3TlO2,1
CuSe3I,1
B3H4,1
PI2,1
KY3F10,1
Ta(TeCl3)2,1
Ta(TeBr3)2,1
Y5C2I9,1
Sr4As3,1
TlFeBr4,1
Cs2GaSb2,1
Hf(Te2Cl3)2,1
Na3ScBr6,1
Pr5C2Br9,1
Cd3PCl3,1
AlSeBr7,1
AlTeI7,1
LuPO4,1
SiTePt,1
SbCl3F2,1
K6Sn2Se7,1
Rb3TlCl6,1
Na5InS4,1
KGaSb4,1
Hf(Se2Cl3)2,1
RbTaO3,1
In2(Se2O5)3,1
RbBF4,1
Ca3BN3,1
TlAuF6,1
LiClO4,1
RbAsO2,1
Sr2GeSe4,1
Nd4Se3N2,1
Tb4Se3N2,1
HgAsO3,1
AcBrO,1
Ba5Pt2O9,1
Mg3(HO2)2,1
Mg5(HO3)2,1
Sr3(BS3)2,1
Ba(CO)4,1
Na3As7,1
RbGaCl4,1
Li4HN,1
Si3(Cl4O)2,1
KGaCl4,1
LiBH4,1
CsClO4,1
Ba4Ga2O7,1
Pr4Se3O4,1
Mg(HO)2,1
Ag2SO3,1
Te(HO)6,1
AlCuO2,1
B5H6Br,1
Na3BO3,1
K4Ge9O20,1
Pr(PO3)3,1
Sr3SiO,1
Ga2PdI8,1
Ga2PdBr8,1
MgPSe3,1
Ba6Mg11F34,1
RbAu,1
Ag3PSe4,1
TiSnPt,1
BeAl2O4,1
Ca5(Ga3O7)2,1
TlGeS2,1
KAgO,1
TbP5O14,1
B5H11,1
Tl2S5,1
Mg2GeO4,1
SrLiBi,1
Er2CdS4,1
Al2HgSe4,1
La(NO2)3,1
LiNb6Cl19,1
Ca(C2N3)2,1
TlBSe3,1
Hg3(SI)2,1
Zr6Ag7F31,1
Sb5PO10,1
Th2AuF11,1
CsPdCl3,1
Re2PCl13,1
K2ReH9,1
Rb2CdCl4,1
Na4SeO5,1
H4C7O,1
Ag3SnP7,1
IF3,1
Tb(AlCl4)3,1
K2SnTe3,1
Sm10Se19,1
TaCl5,1
Rb4Hg5Te13,1
K2Si2O5,1
Ca4GeN4,1
SiH,1
KBiO3,1
Ho(AlCl4)3,1
ZnGeN2,1
Bi3Se4Br,1
CsSn2Cl5,1
Dy3S2Cl5,1
BeBr2,1
Gd3ReO8,1
Bi4I2O5,1
Hg2SeO5,1
Cs3AsO4,1
AuF5,1
Be2Te7Cl6,1
MgB9N,1
Rb2BeF4,1
GeCl4,1
K2GaSb2,1
CsPd2Cl5,1
LiCN,1
CsCaBr3,1
Na2Al2Sb3,1
RbCrCl3,1
Ba(AlCl4)2,1
Rb2ZnI4,1
SbKr3F11,1
AsKrF7,1
Rb6Br4O,1
AuSO4,1
Sc(IO3)3,1
Bi2Te4Cl7,1
La3B2N5,1
C2S9N2,1
KTcCl3,1
S(ClO)2,1
P3Ru,1
Sr4Bi6Se13,1
SiCl4,1
CS3N4,1
K4ZnO3,1
GeH3Cl,1
Rb2CdO2,1
H2NO2,1
Ba2As2Se5,1
K3Al2As3,1
InTeBr,1
RbI3,1
LiGaBr4,1
K3LiSi4,1
Rb4CdBr6,1
K4CdP2,1
USe2O7,1
CsIO3,1
Sb11F43,1
SnPCl9,1
Ge(SF6)2,1
CdTeO3,1
Gd2NCl3,1
Na2GeSe3,1
TlI3,1
LiBiF4,1
CsAsSe2,1
RbAsSe2,1
Na6Be8O11,1
RbSF5,1
Ca2AsI,1
Ca2IN,1
Li8SiO6,1
Li8GeO6,1
Na3ErCl6,1
BaSe2O5,1
CaInBr3,1
Na2(GaSb)3,1
Ba(ClO3)2,1
WBr6,1
Ti(ClO4)4,1
SrBiSe3,1
S7(N3O4)2,1
CClF3,1
Li3AsS3,1
Re3(TeI)7,1
ErSeI,1
Hg2P2O7,1
KSc2F7,1
Tl3Cd2I7,1
K2TeSe3,1
CrInBr3,1
As(BrF2)3,1
NbXeF11,1
Ba2As2S5,1
Na2S5,1
K2GeTe4,1
H8NF5,1
La3ReO8,1
P4Se3I2,1
Rb2PdBr6,1
Na2Mn2S3,1
K2Ti2O5,1
RbPaF6,1
K2PrBr5,1
ThIN,1
KTlBr4,1
AlP2I9,1
TmCl3,1
Hf(BH4)4,1
TcP3,1
Na6CdCl8,1
Sr5(Br4Cl)2,1
AlCuCl4,1
Be(H2N)2,1
Li4Ge9O20,1
Tl2Sn2S3,1
As2(SO4)3,1
La2Be2O5,1
Ba3In2F12,1
Sn5BF13,1
KCuS,1
KH3O2,1
Lu2S3,1
V2Se9,1
LaHO,1
LiBiO2,1
Ba5(GaS4)2,1
Ta2Zn3O8,1
K2PtI6,1
CSO,1
Hg2AsCl2,1
Ba4P2O,1
TlCdBr3,1
TlCdCl3,1
Tl2PS3,1
IrS3Cl11,1
Na3ReO5,1
CsH7O4,1
RbInI4,1
KH9O5,1
BiClF8,1
NaTaCl6,1
NaNbCl6,1
Te2PdCl10,1
K3BrO,1
LaSe2,1
ThZr2F12,1
KSb2,1
WS9Cl4,1
Li3Zr4F19,1
Ba(YS2)2,1
TaI2O,1
Li5Br2N,1
K2GeSe4,1
ZrSnCl6,1
Tl2AgI3,1
NaLuCl4,1
Bi2Te4O11,1
Rb3CuO2,1
Si2Cl2O3,1
Mg3BN3,1
BiTeCl,1
Sn4OF6,1
DySI,1
Tl5Se2Br,1
Tl5Se2Cl,1
Cd4P2Br3,1
Ti6CCl14,1
BaReH9,1
Cd2As3Br,1
Hg2As3Br,1
GeP2O7,1
Ba(PdS2)2,1
ZrPb3F10,1
CsSrN9,1
Ba2Si3O8,1
Ca2AlF7,1
Ge3Bi2O9,1
Cd2Ge7O16,1
La3Br6N,1
Nb2Se4O13,1
Co(SiP)3,1
La(SiP3)2,1
Na8Si7O18,1
SiCl2,1
Ga3Bi5Cl12,1
Hg(AuF4)2,1
Si3P2Pt,1
KTe2F9,1
KAuSe2,1
Sr6Cu3N5,1
Se2NCl5,1
Se2Br3N,1
Ta3SeI7,1
Hg3TeBr4,1
Hg3(SBr)2,1
Sr5Zr3F22,1
Na3YBr6,1
Al2ZnO4,1
SeF4,1
KSiH3,1
SrHgO2,1
Ta(ICl)2,1
KGaBr4,1
NaGaBr4,1
Zr2TeBr12,1
ZrTe2Br5,1
Ba2Bi2O5,1
Na2MgCl4,1
AsBr5F6,1
H9CN9,1
Li4Ge5O12,1
Cs2SnTe4,1
Na4Br2O,1
Na5InTe4,1
KNaSe,1
Li3BrO,1
Rb3Ge2Br7,1
AgXeF9,1
Nb3ICl6,1
Tl2CuI3,1
Si2NCl5,1
CsB3H8,1
Hg3(TeI)2,1
RbBrF4,1
LaBr2,1
K3AuSe13,1
Pb(IO3)2,1
Na7Au5S6,1
Cd4OF6,1
OsO3F2,1
K3RhCl6,1
TeCF2,1
ThSnI6,1
Si3CCl8,1
Na2CS3,1
TcO2F3,1
K2Bi8Se13,1
Sr5(AuO4)2,1
Se2NCl3,1
CsSbS6,1
PrZr3F15,1
Li3PO4,1
KSnF3,1
Na4Ga2S5,1
SbSCl9,1
Nd(AlBr4)3,1
In7Cl9,1
K6Sn3As5,1
La4Bi2S9,1
Pt(SCl4)2,1
Ba(AuF4)2,1
Si2Hg6O7,1
Sb2S2O,1
Na3PS4,1
NaBS2,1
BaS,1
K4SnO3,1
Si4P4Ru,1
Pr3NbO7,1
Rb9Fe2S7,1
K9Fe2S7,1
Li16Ta2N8O,1
Pr4Si2Se3O7,1
Nd4Si2S3O7,1
RbPt2Se3,1
K6CoS4,1
BBr3,1
Ba2Zn3(AsO)2,1
Li7TaN4,1
Ba3WN4,1
CsCOF3,1
NaSiSbO5,1
KSiSbO5,1
Nd2Au5F21,1
Pr2Au5F21,1
Li6Y(BO3)3,1
Sr2Ga2S5,1
NdTa7O19,1
KNd(SO4)2,1
Rb2LiGaF6,1
BP,1
Ag8SnS6,1
K2Ca2(SO4)3,1
Mg3N2,1
Pr4Ga2O9,1
Dy3Ga5O12,1
Na3AuS2,1
Li3GaF6,1
Na2ZnGaF7,1
CaTe3O8,1
Sr4TiAs4,1
AlP,1
ZnP4O11,1
Nd4Si2Se3O7,1
KGaF4,1
Lu2Cu2O5,1
Rb2NaHoF6,1
Nd3Ga5O12,1
Rb2TaAgS4,1
K4Nb2S11,1
RbSnAsO5,1
KSnAsO5,1
Sn2S3,1
Cs4KLiGa2F12,1
LiTmSiO4,1
GdSnF7,1
Sb2(PSe3)3,1
K2GaP2,1
Tl2GeSe3,1
SrGa2(SiO4)2,1
Ba4GeP4,1
Sr4GeP4,1
K3Cu3As2,1
TiZnO3,1
K2Pd(NO2)4,1
P2Ru,1
Cd(RhO2)2,1
ZnAgF3,1
RbAlO2,1
CsAlO2,1
Y3Si3O10F,1
NaTl2RhF6,1
KRb2RhF6,1
Ba4GeAs4,1
Na5AlO4,1
Hg2GeO4,1
CdCu2GeS4,1
Er2SeO2,1
Ho2SeO2,1
Gd2SeO2,1
Ag2PSe3,1
Cd(GaTe2)2,1
Cs2HfF6,1
Rb2NaYF6,1
Rb2NaRhF6,1
ZnSnO3,1
Tm2CdSe4,1
CaAl2O4,1
LiSbS2,1
Na2PtSe2,1
BaMgF4,1
K3P6N11,1
KNa2Zn3(PO4)3,1
In(PO3)3,1
Na4Hf2(GeO4)3,1
Al7Te10,1
Li6ZnO4,1
Cd3TeO6,1
RbYO2,1
NaGe2N3,1
Sn3F8,1
Rb7NaGe8,1
AsPO5,1
MoS2,1
K2RbPdF5,1
Ba3Tm4O9,1
Ba3P4,1
CoP2,1
Sr2InF7,1
Ga2Sn2S5,1
RhPb2F7,1
Ba2SiSe4,1
Sr2VN3,1
Ba3Te2O9,1
Ba2Nb6Te2O21,1
Li3GaSiO5,1
Sm3Si6N11,1
NaAg3S2,1
Ba3MgSb2O9,1
Na6Si2Se7,1
LiAlGeO4,1
Sr3(GaN2)2,1
Pr3Si6N11,1
KNa4GeAs3,1
As2Ir,1
Rb2S5,1
SrSbF5,1
Ba2CdSe3,1
Na5GeAs3,1
K3Ta3Si2O13,1
Tl3PS4,1
Zn3(AsO4)2,1
CaTi4(PO4)6,1
ZrSe3,1
LiCaPO4,1
KC10,1
MgSe2O5,1
RbYTe2,1
Y2HfS5,1
NaSr4(SbO4)3,1
SmSnF7,1
BaPr2O4,1
Ba2TaN3,1
NaYGeO4,1
Rb2Si3SnO9,1
K2Na3TlO4,1
RbAsOF4,1
Zr3Tl2OF12,1
Li2ZnSiO4,1
K3NbSe4,1
NbCuO3,1
Rb2WS4,1
Ba2ZnGe2S6O,1
Pr3CuSnSe7,1
K2Li14Zr3O14,1
K3Nd(PO4)2,1
Be3Cd4Si3TeO12,1
DyPtF7,1
Ba(TbTe2)2,1
BaGd2O4,1
FeSi2,1
Sr3(AlN2)2,1
Si2Os,1
KBaPS4,1
BaN6,1
KO3,1
Pr2TeO2,1
Sn3N4,1
Y2(SO4)3,1
SiS2,1
B,1
Li2CuSb,1
Ba2NaNb5O15,1
Li5AlO4,1
Gd2ReO5,1
SrLi4N2,1
As2O3,1
Tm2MgSe4,1
KYTe2,1
LiYSe2,1
LiErS2,1
LiDyS2,1
LiYS2,1
KSmS2,1
KPrS2,1
Zn(GaTe2)2,1
Zn(GaSe2)2,1
TaAgP4O13,1
SrZn2(AsO4)2,1
Sr3AlO4F,1
MgAg(PO3)3,1
BeCN2,1
LiHoSe2,1
Na2BeB2O5,1
SrLi2Ti6O14,1
PrCuS2,1
Ge3Os2,1
Sr2TmTaO6,1
K3ErSi2O7,1
K3HoSi2O7,1
Dy4Si2S3O7,1
Cs3Cu5O4,1
Gd2Si2O7,1
BaLa2ZnS5,1
CsSm2CuSe4,1
Sr3(BO3)2,1
Gd2TeO2,1
MoSe2,1
Ca2Sb2O7,1
BaCaSi,1
KAgSe,1
SrCu2GeSe4,1
Pr4Si2S3O7,1
Pr2Te2O7,1
RbDy2CuSe4,1
RbSm2CuSe4,1
Rb3P6N11,1
ZnAg2P2O7,1
KLi3Zr2(Si2O5)6,1
Tb2TeO2,1
Tb4(SiS4)3,1
RbCuPdSe5,1
KCuPdSe5,1
Ac2O3,1
NaSn,1
RbCd(NO2)3,1
CaC2(SN)2,1
BaPSe3,1
Yb(MgSb)2,1
NaErPO4F,1
ErSF,1
Rb2PtC2,1
Rb2PdC2,1
Cs2NaYF6,1
Na2MgInF7,1
RbSm2CuS4,1
RbC,1
SrLiBO3,1
NaYPO4F,1
DyBO3,1
ErBO3,1
RbErSe2,1
RbHoSe2,1
RbGdSe2,1
RbSmSe2,1
RbPrSe2,1
Dy4(SiS4)3,1
NaYb(PS3)2,1
SrS3,1
CsNdTe2,1
Na3PS3O,1
Sm(BO2)3,1
Ba3(SiAs2)2,1
Sr3(SiAs2)2,1
BaYSi4N7,1
CF4,1
Hf3N4,1
BaTi(BO3)2,1
LaInO3,1
KTb2CuS4,1
CsYCdSe3,1
LiGaSe2,1
Ho4C7,1
LiF,1
TbF3,1
Y3TaO7,1
BaCaSn,1
Li2MgSiO4,1
Pr(BO2)3,1
SrCeN2,1
BaZnCO3F2,1
Na2MgPO4F,1
Na5CuSO2,1
CsPrCdSe3,1
KNd2CuS4,1
LaTeAs,1
BaAg(PO3)3,1
CoPSe,1
Na2SnTeO6,1
CsCa2Ta3O10,1
SrGeTeO6,1
BaYAgTe3,1
BaYCuTe3,1
Sm3AuO6,1
K2AlF5,1
BaHfN2,1
Ca4PdO6,1
TaCu3S4,1
Ca(BC)2,1
LaCuTeS,1
BaLiF3,1
Na2PtS2,1
Ca2BN2F,1
NaYS2,1
Na2PdS2,1
K2S,1
NaAlTe2,1
K3Sb,1
P2Ir,1
LiYbAlF6,1
Na3Sr3GaP4,1
BaC2,1
Ba2PrSbO6,1
CdSe,1
TaTl3Se4,1
ThSbRh,1
RbSbS2,1
LiPrO2,1
BaLiAs,1
Sr3BPO3,1
Gd3AuO6,1
Mg(C2N3)2,1
RbBSe3,1
SrMg2N2,1
NaLi2N,1
Sr3CdPtO6,1
LiScP2O7,1
BaGaBO3F2,1
Cs2Ti(CuSe2)2,1
Cs2Ti(AgS2)2,1
NaEr(SO4)2,1
NaSr3SbO6,1
Ca2Al2O5,1
KAuC2,1
RbAuC2,1
Na4ReN3,1
RbSbO2,1
K2CN2,1
TiTl2F6,1
LiNdTiO4,1
TmAl3(BO3)4,1
Sm3Si2BO10,1
Ga2Se3,1
ErAg(PSe3)2,1
Cd2Cu(PO4)2,1
NdLuSe3,1
ScTlSe2,1
TbYb2PrS6,1
Sm(ErSe2)3,1
PrZnPO,1
NdSbO4,1
KRb2GaF6,1
Nd3GaO6,1
KNaGdNbO5,1
CoSb3,1
NaSr3TaO6,1
Dy2C(NO)2,1
MgS,1
NaLa2TaO6,1
K2SiF6,1
HoAsO4,1
TbTaO4,1
GeS,1
ScAgSe2,1
Sr2YSbO6,1
LiCaGaF6,1
SrLuCuS3,1
Cs2NaInF6,1
K3UF7,1
PdF4,1
Ho3ScO6,1
Cs2NaErF6,1
Nb2Hg2O7,1
Cs2NaTlF6,1
BaNaNd(SiO3)3,1
LiC,1
Li3Pr2(BO3)3,1
Sc2Cd3(GeO4)3,1
BaNa(PO3)3,1
LiB(CN)4,1
Na3SrLaZnSi6O17,1
NaCd4(PO4)3,1
Ge,1
SmCuO2,1
BaBOF3,1
TlPO4,1
Er2Ge2O7,1
Rb2Be3Cd2F12,1
ZnPbF6,1
CdB4O7,1
Cd3(AsO4)2,1
K2ZrF6,1
RbB(CN)4,1
K3GaO3,1
Sr2Ta2O7,1
MgSeO3,1
CaCuF4,1
SrCuF4,1
LiAuF4,1
CsBeF3,1
Na2LiBe2F7,1
HoP5O14,1
Er3Ga5O12,1
Hg3(PO4)2,1
BaSnS2,1
K6MgO4,1
BaEr2F8,1
K3Na(RuO4)2,1
TaTlSe3,1
MnCu2SiS4,1
Rb2SiS3,1
KPrGeSe4,1
KTbGeS4,1
Rb2TaCuSe4,1
Rb2TaCuS4,1
K2Pd(CN)4,1
K2U3(TeO7)2,1
CO,1
Ca3PN,1
SmCuSe2,1
KSi,1
CsGe,1
Lu2SO2,1
Ho2SO2,1
NaC,1
Na2Se,1
LiHoO2,1
Ba2LuNbO6,1
Ba2HoNbO6,1
Ba2NdNbO6,1
MgSeO4,1
KAg2PS4,1
YZnPO,1
CsLaCdTe3,1
SrCN2,1
NaSm3SiS7,1
Ag3PS4,1
TmCuS2,1
KAuF6,1
NaSnN,1
BaBeF4,1
Sr2TaGaO6,1
LiBF4,1
KThCuS3,1
AgHg3SbO6,1
Sr2YTaO6,1
CsPrZnTe3,1
KTl(CN)4,1
CsErCdTe3,1
In6Ga2PtO8,1
RbPbF3,1
NaNdTiO4,1
Rb2Te3,1
Sr2PbO4,1
RbIn5S8,1
InAg(PSe3)2,1
Sb2Pt2O7,1
PdPbF4,1
Rb2P3,1
Na2Gd2Ti3O10,1
Tl4Te3Pb,1
K2SmF5,1
Sb2PbO6,1
RhF3,1
K2Cd(CN)4,1
Ba2NbInO6,1
Tb3In5S12,1
Na2CO3,1
SrPbO3,1
Lu6UO12,1
RbCa2Nb3O10,1
Ho2C(NO)2,1
InP,1
NaAuO2,1
NaInS2,1
Li3Sb,1
GdAl3(PbO4)2,1
BaLa2In2O7,1
Na3InAs2,1
Sm3InS6,1
Sb2Se3,1
Pr3InSe6,1
SmAl3(PbO4)2,1
CuP2PbO7,1
La2Ge2O7,1
KPb,1
K2NaInP2,1
K2NaInAs2,1
Ca2PbO4,1
Ba3In2O5F2,1
BaGe2,1
Cd(InTe2)2,1
InSbS3,1
SrN6,1
Cs2PbO3,1
Na2SO3,1
BPPbO5,1
TeO2,1
FeSn2(CN)6,1
SrCuSeF,1
SrCaPb,1
Er2Cu2O5,1
Pb3O4,1
K3NdV2O8,1
Mg3Cr2(SiO4)3,1
Li6Ca12Mo4N16O3,1
Mn3Al2(SiO4)3,1
Zr2Mo(PO6)2,1
Na3Cr2(AsO4)3,1
La4Mo2O11,1
Rb2TeMo2(PO7)2,1
MnSiO3,1
Al2(MoO4)3,1
NdNi(BO2)5,1
V2Cd(PO5)2,1
BaPr2CuO5,1
MnTe2O5,1
SrS2,1
Ba2Ni(PO4)2,1
Ba2Mn(PO4)2,1
TmFeGe2O7,1
Na2V(PO4)2,1
Rb2MnV2O7,1
Na5Tb(MoO4)4,1
FeSb2C6(OF2)6,1
Te2MoO7,1
Cs2NaVO4,1
LiMnO4,1
LiScMo3O8,1
BaMn2V2O8,1
Ag2PbO2,1
LaCuO2,1
LaP7,1
Ba2GdNbO6,1
K4BaU3O12,1
LaGeBO5,1
Ba2InO3F,1
Na2MgAlF7,1
ThSnPt,1
In2HgTe4,1
MgPbF6,1
PbCN2,1
Nd4MnSe6O,1
NaCa9Mn(PO4)7,1
CaMgV2O7,1
VCrO4,1
Th(MoO4)2,1
SrCo2(PO4)2,1
Rb2Cr2O7,1
SnWO4,1
CrCdO4,1
Ba3MnSb2O9,1
NaMnPO4,1
Zr2P2WO12,1
Na2LiFe(Si2O5)3,1
NaMnAsO4,1
TePb,1
CsMnBr3,1
SrIF,1
BNCl2,1
RbPb2Br5,1
Sr2NCl,1
Cs3Sb2I9,1
LaBrO,1
K2ReBr6,1
BiSeI,1
CsCu2Br3,1
Cs3Mo2Br9,1
PbBrF,1
AlAs,1
SbSeI,1
CsICl2,1
BiIO,1
CuBiS2,1
TlIO3,1
CsVCl3,1
SbSBr,1
PbIF,1
BiTeI,1
KBrO3,1
K2PdCl4,1
BaIF,1
CsNiCl3,1
PbBrCl,1
MgI2,1
NdCl3,1
IO2,1
PtBr3,1
Ar,1
CS2NClO2,1
Na4Al3Si3BrO12,1
Na4Al3Si3ClO12,1
Sr5P3BrO12,1
AgHgSI,1
Sr2BN2Cl,1
Sr5P3ClO12,1
NaBiO3,1
NaHg2IO2,1
Sr2LuBiO6,1
Cs2Pd(IBr2)2,1
Sr2NdBiO6,1
La3Si2S8I,1
SiCl2O,1
Rb2CoCl4,1
BiBrO,1
BaBrF,1
K2PdCl6,1
Ba4Cl6O,1
Rb2SnCl6,1
Sr2BrN,1
CuBiSeO,1
Li3N,1
NaInSe2,1
AgN3,1
Li2PbO3,1
BAsPbO5,1
Ni(C2N3)2,1
Yb2S2O,1
In2HgS4,1
PbSeO4,1
K4PbO4,1
P2Pb2O7,1
Cu(AsO2)2,1
BiClO,1
TlInSe2,1
KIn5S8,1
Li4PbO4,1
SiSe2,1
Zn(InS2)2,1
Pb3SO6,1
PbSe,1
Ba2CePtO6,1
Ce(SeO4)2,1
K2In12Se19,1
Cs2In2Sb3,1
CuGe5Pb3O14,1
SiPbO3,1
RbInTe2,1
CsBrF,1
BiCl3,1
LiCl,1
XeF2,1
YbBr2,1
CsI3,1
RbBr,1
CsCl,1
NaCl,1
HgI,1
CrCl2,1
Bi2S3,1
BiI3,1
Sr2In2O5,1
Ba2In2S5,1
Na3In2(AsO4)3,1
LiPPbO4,1
AgAsPbS3,1
InAg(PS3)2,1
Zn(InSe2)2,1
Cr2CdSe4,1
InAsF6,1
FeS2,1
HgP14Pb,1
Gd(LuS2)3,1
UP2(PbO5)2,1
Li8PbO6,1
Cl2,1
RbO3,1
La2TiO5,1
Sr6YSc(BO3)6,1
SrTb2O4,1
KPrF4,1
Ba2HgS3,1
Rb2Cu2SnS4,1
NaYTiO4,1
CsCuS4,1
Ca(RhO2)2,1
K3PS4,1
K2MoS4,1
KNaV2O6,1
KSrPO4,1
MgNb2O6,1
Cs4Zn3F10,1
BaCu2GeS4,1
NaCaAlF6,1
BeO,1
Ba(DyTe2)2,1
NbSeOF7,1
Ba2SnS3F2,1
Rb3SbSe3,1
PrF3,1
K3BeF5,1
Rb3Sm(PS4)2,1
BaAl2(SiO4)2,1
BaLa2BeO5,1
Na3GeSe3,1
ZnSe2O5,1
HfTe3O8,1
KAlTe2,1
Ba2Ge2Se5,1
CaZn2(PO4)2,1
Ba5Dy8Zn4O21,1
BaSbTe3,1
Na5Ti2Si2PO13,1
RbSm(PO3)4,1
SrGa4O7,1
Na10YbSn12,1
K2Si3SnO9,1
WSe2,1
Lu2SiO5,1
Ba3NbAs3O,1
TlZnPO4,1
K2WSe4,1
K4SnSe4,1
Nd2Si2O7,1
Tb3CuSnSe7,1
Na2Si2S5,1
K2Cd3S4,1
BaSbF5,1
K7TaAs4,1
K6MnS4,1
Ca5Al6O14,1
Cu3SbS3,1
Li3GaGeO5,1
Lu3O2F5,1
Lu2PdO4,1
RbNd(PO3)4,1
SrPrCuSe3,1
KGaS2,1
CsReO4,1
TmBO3,1
Ba2SiO4,1
CaCu3(GeO3)4,1
NaYSiO4,1
Ca6MnN5,1
Sr3Sc(BO3)3,1
KAsOF4,1
Zn(AuF4)2,1
Sr3(GeAs2)2,1
K7Nb(SO4)6,1
Ho3CuSiS7,1
Mg4Ta2O9,1
Na2Al2As3,1
Ba3(SnAs2)2,1
Sm2O3,1
Sr10P6SO24,1
KSm(PO3)4,1
CdS2O7,1
K2Zr3OF12,1
K2Al2Sb3,1
Ag3Ge5P6,1
LiInGeO4,1
Mg4Nb2O9,1
CsF,1
K3Na(SeO4)2,1
KTb3F10,1
Rb3Ge4Au,1
Tl3B3S10,1
Na5AsO5,1
Nb2Zn4O9,1
Ba2SnSe3F2,1
Ba2VN3,1
KCdC3(NO)3,1
K2RuO4,1
Ba(SmTe2)2,1
CsPr(PO3)4,1
YSO4F,1
Ta2ZnO6,1
PrTaO4,1
La3SiAgS7,1
CsKNa2Li12(SiO4)4,1
Na2ZnSiO4,1
Ge3Sb2O9,1
Tm2SiO5,1
Er2Cu(B2O5)2,1
Nb2Tl4S11,1
Mn3(BO3)2,1
Ba2V(SiO4)2,1
PrVO4,1
Sr3NiPtO6,1
SrWO4,1
Rb2W2O7,1
Mg2Mo3O8,1
BaNiO3,1
Ni(PO3)2,1
CaCrP2O7,1
Na4W(NO)2,1
TbVO4,1
Er3CrS6,1
K2SrV4O12,1
Mg3V6(FeO6)4,1
CaNiP2O7,1
BaMnCO3F2,1
Ca2MnO4,1
BaWO4,1
Ca3Mn2O7,1
Mg3V2O8,1
Na5CoSO2,1
YbCrO4,1
VCrMoO7,1
Li2MnO3,1
Ba2MgWO6,1
Sr2CaMoO6,1
LiYMo3O8,1
MnWO4,1
Ba2CaMoO6,1
Sr2NiWO6,1
NdMn2O5,1
BaNi2(AsO4)2,1
Sr3V2O8,1
Sr2V2O7,1
NaCr(SiO3)2,1
Ba3V2O8,1
HgMoO4,1
CaMoO4,1
Ba3Mn2O8,1
Ca2MgWO6,1
SrVSi2O7,1
NdCrO3,1
Li2WO4,1
Sr4Al6WO16,1
ScVO4,1
Mn(SbO2)2,1
Ca3MnZnO6,1
CaSi2NiO6,1
RuSe2,1
Zn2Mo3O8,1
Ba3CrO5,1
BaMnP2O7,1
Cu3N,1
V2Cd2O7,1
YCrO3,1
Sr3TbRhO6,1
CsZnPO4,1
Sr3HoRhO6,1
Sr3DyRhO6,1
La2Si2O7,1
CdSO3,1
Mg(PO3)2,1
K2Se5,1
K3AsSe3,1
RbAgSe4,1
Na2SrV4O12,1
TlZnAsO4,1
KAg3S2,1
Ba6Mg7F26,1
CsEr2Cu3S5,1
NaGdSiO4,1
Ba(AgTe)2,1
Sr3YRhO6,1
SrLi(B3O5)3,1
Rb6Si2O7,1
Na3Ca2TaO6,1
SrMgP2O7,1
K2ZrO3,1
K3Na2SnAs3,1
Ho2SiSeO4,1
ScCrO3,1
Na5Y(WO4)4,1
LiCo(CO)4,1
Tl2MoO4,1
BaNi2(PO4)2,1
VAgHgO4,1
Ba3W2O9,1
Li2VSiO5,1
TlV2AgO6,1
K2MnSO4F3,1
KSc(MoO4)2,1
K2VO2F3,1
AlVO4,1
Sr2CaWO6,1
Li2VGeO5,1
V2Zn2O7,1
Cr2SiO4,1
SbF3,1
TlCo(CO)4,1
Ca2CoSi2O7,1
DyVO4,1
Na2CrO4,1
Zr(WO4)2,1
Na4Mo(NO)2,1
TeF6,1
NiSO4,1
Co3O4,1
Mn2PO4F,1
Zn3TeAs2Pb3O14,1
CS3N5Cl,1
UAg2(SeO4)2,1
SrCrF4,1
Tl2Te3O7,1
K2Er(NO3)5,1
Ca3SiO5,1
AlS5N5Cl4,1
Ca4Si6Pb6Cl2O21,1
DySeClO3,1
AsS4N4F5,1
K3Al4P2O8F9,1
CaP4O11,1
SrLi(BS2)3,1
KNaNdNbO5,1
RbInAs2O7,1
K9U6BiO24,1
Na2Cd(SO4)2,1
AgHg2AsO4,1
MoS2N2Cl5,1
KCBr(NO2)2,1
RbP(OF)2,1
Ba4Nb2(OF4)3,1
KNaSi2O5,1
LaH4S2NO8,1
GdSClO4,1
NaZnPO4,1
BaPt2S3,1
Sc2Te5O13,1
Ba5Er2ZrAl2O13,1
Na3B6NO13,1
Ca(CO2)2,1
H9C3SeSN2Cl,1
Tm3B5O12,1
PAuClF3,1
BH9(CO)3,1
KBi6IO9,1
Ca6Hf19O44,1
K2P2O5F2,1
TaBi4ClO8,1
Ag2PS3,1
Mg3Si(O2F)2,1
Na4Li5(BO3)3,1
Na3P(SO)2,1
Ba9Sc2(SiO4)6,1
Na6Mg(SO4)4,1
Ca3TiBe2Si2(As3O10)2,1
Ba5P3ClO12,1
K4Ba(SiO3)3,1
Na2Pd(NO2)4,1
K5Au(IO)2,1
V2Se2O9,1
KNaPrNbO5,1
K4Nb2S10O,1
Li3U7(PO7)5,1
CsK2AuO2,1
K2Be(Si2O5)2,1
LaNbTeO6,1
Sc2TeO6,1
Nd3NbO7,1
LaMg(BO2)5,1
Li4Zn(PO4)2,1
CsHSO4,1
KNiIO6,1
KCu4AsS4,1
KBiF6,1
K4Ba(VS4)2,1
K4Na2TeO6,1
NbIO2,1
Cs2TlBiF6,1
Ca2Mg5Si8(O11F)2,1
RbNaSi2O5,1
Sb2TeSeF10,1
AsS(IF3)2,1
Gd2TiO5,1
Bi14Te13S8,1
SbAs3(Se2F3)2,1
Rb2Bi(ClO4)5,1
CrAg(PS3)2,1
TlZn(PO3)3,1
PbS,1
Sr4NbAlO8,1
Zn2SiO4,1
Na2Ca3(Si3O8)2,1
BaLi2Ti6O14,1
KCu(BiS2)2,1
K2Cr2O7,1
CaSeO3,1
Ba3Sc(BO2)9,1
BiO2,1
H12Pd(N5O4)2,1
MnTl2As2S5,1
LiLa2S2O8F3,1
Lu2Te5O13,1
GaN5O14,1
RbInP2O7,1
KNd(CO3)2,1
Dy2Cu(BO2)8,1
CdAs2(XeF5)4,1
SbI(OF4)2,1
V3(Bi3O8)2,1
DyTaO4,1
K5U2O4F9,1
CuAsPbO4,1
K2Ag4Pt3(NO2)12,1
TlF,1
K2Cd(AuS)4,1
Ca3Al4ZnO10,1
WSF4,1
NaNb3(TeO4)4,1
Er2Te5O13,1
MoS3(NCl4)2,1
Sn2PCO6,1
YTaO4,1
Ho2Sn3(PbS4)3,1
AlBPbO4,1
RbBa4Sb3O,1
OsXe(O2F3)2,1
La4S3NCl3,1
Rb2U3(IO5)4,1
K2Si4O9,1
Nd2Ta2Cl2O7,1
BH11C4NClF4,1
CsLa(PO3)4,1
Rb2HfS4,1
Sr3Al2Cl2O5,1
GdH6C4NO9,1
Zr(PO3)4,1
RbReSO3,1
Ca5Te3O14,1
SrTiSi2O7,1
H3CS,1
Cd(InS2)2,1
Zn2Si3Pb4SO15,1
Na2Te4MoO12,1
Nd2Ti3(ClO4)2,1
Cs2Na2B10O17,1
Li2TeO3,1
Li2U3P2O15,1
Ca4P6O19,1
In2Ag3(PO4)3,1
Nd4S3NCl3,1
K9Bi5O13,1
TiPCl7O,1
Ti2Bi2O7,1
CaH6C2O7,1
Gd3Se4O12F,1
BaZr(BO3)2,1
Zn(CO2)2,1
Sb4PtC4(O2F11)2,1
Ba9LiSi10C(ClO4)7,1
LaB2ClO4,1
K2CS2(O3F)2,1
SrHo2O4,1
Ba5Ta2Cl2O9,1
IOF3,1
Ge4PbO9,1
PBrNF,1
Hg3AsS4Cl,1
Ba4Na(BiO4)3,1
ZrS4(N2Cl3)2,1
LiTiPO5,1
Li2U3(PO5)4,1
SbCSF11,1
SeS4(NCl)3,1
H9C5NO5,1
CdBiS2Cl,1
AlSBr3N,1
MoF6,1
LiAl(SiO3)2,1
ZnAgPS4,1
Na3Nd(BO3)2,1
CsGeB3O7,1
BaSiF6,1
NaSmSe2O7,1
BiB2O4F,1
TiTlPS5,1
Li2TeS3,1
Ba5Ru2Br2O9,1
WSNCl5,1
Nd2Cu(GeO4)2,1
RbGa3S5,1
CsMnF3,1
ZnB4O7,1
S3N3ClO2,1
Ba2ZnSi2O7,1
KLi2BO3,1
K3BSb4O13,1
Ag2Hg(SeO3)2,1
Ti4Bi2O11,1
Li3Er(NO3)6,1
YSiNO2,1
IN2O4F5,1
CsTa(PO4)2,1
KLiMnO2,1
ErGeBiO5,1
Na7Y2P7O24,1
KNa2AuO2,1
NaI3O8,1
SnP2(Cl5O)2,1
CsBC3NO2F9,1
KP(OF)2,1
Zn4SiTePbO10,1
NaY(SeO3)2,1
LiNb3(Bi2O7)2,1
KBi(PO3)4,1
Sb2OsC4(OF3)4,1
In7GeIrO8,1
Ni(NF7)2,1
HgC2O2F3,1
SrBe2(BO3)2,1
Er3CuSiS7,1
VS2N3Cl2,1
CS5N5O3F,1
BaSbSe2F,1
LiYSiO4,1
K2Hg2SCl4O3,1
CdHg2SeO6,1
Ca2SiCl2O3,1
Pr(IO3)3,1
CaTaNO2,1
Hg3AsO4,1
Sr4Pt4PbO11,1
K2HgC2S2(BrN)2,1
TeAs(ClF2)3,1
NdPH5CO7,1
CuBi2(SeO3)4,1
SiH12C2(NF3)2,1
FeS3(NCl2)2,1
CdHg4C6S6(Br2N3)2,1
NaBi2Sb3O11,1
Bi6As9Se4S10(O4F13)5,1
Na3BeAl(SiO4)2,1
KSrB5O9,1
Dy3S3N,1
Mn3(AgO2)4,1
YF3,1
KLiYF5,1
KAs4ClO6,1
CSNF5,1
Na2Si3O7,1
SrSbSe2F,1
RbNaTiO3,1
BaS3,1
Ba6Na2Nb2P2O17,1
KZrSnF7,1
K4GeS4,1
AuSCl7,1
Na3Sb3(AsO7)2,1
Ag4Se(IO2)2,1
GdSeClO3,1
K2NiF4,1
BaSb2Xe5F22,1
LaPb6ClO7,1
KNa7Pb2O7,1
K2Pd(NO3)4,1
Ba17Dy16Zn8Pt4O57,1
SrH2(CO2)2,1
Lu2O3,1
Rb4Nb2S10O,1
KGe2BO6,1
CaZr4(PO4)6,1
KNaSmNbO5,1
Gd10S14O,1
Rb2NiF6,1
Ba3Bi2TeO9,1
AsS2NF10,1
LaCN2F,1
Cs2K2TeO5,1
UTl2(TeO4)2,1
K2PbO2,1
Sb4RuC6(O3F11)2,1
Er3SiSe2O10F,1
Tb5Se2Cl3O10,1
C2S(OF)4,1
In6S7,1
BaAlF5,1
MnSbS2Cl,1
K2PO4,1
SnPO3F,1
Sn2PClO4,1
Na4Sc2Si4O13,1
Cu2SiPbS4,1
BaAl2(GeO4)2,1
NaSr3BiO6,1
AlSCl7,1
Tl2C3O4,1
Si(PbO2)2,1
RbH4SNO4,1
Ba2B5ClO9,1
BaHg2(ClO)2,1
SrGeO3,1
S4N2O3F,1
BaLa(BiS3)2,1
Rb2CO3,1
Na2Mn2Si2O7,1
Na4Ti5O12,1
KDy(SeO4)2,1
ZnAs2C6S12N12(OF2)6,1
SiPb4(BrO)4,1
CdP2Xe5F22,1
YSeO3F,1
AsSeS3N5F6,1
H9C3N3O2,1
Na3Ga3(TeO6)2,1
Li2Ca4Si4O13,1
Sr2Sc2B4O11,1
BaCa(PO3)4,1
BaHgO2,1
AuCS2Cl3,1
YSeF,1
Ba2Li3(PO3)7,1
Pr6S4N3Cl,1
Rb2LiTaS4,1
MgAs2(XeF8)2,1
SrDy2O4,1
NaNb4Tl3P2O17,1
NdTeBrO3,1
K2OsCBr5O,1
Na3Y(BO3)2,1
MgH8C2S2(NO2)2,1
Na2TiF6,1
BaTeO3,1
Th2P2O9,1
Rb2ZnO2,1
Si(Sn3O4)2,1
Zn3BPO7,1
Sr2B5ClO9,1
Bi4Te2Br2O9,1
As4S3,1
InH8C4NO10,1
S2NO,1
K2Ti(Si2O5)3,1
Fe2Pb3F12,1
TiP2Cl8O3,1
Ho11Te16ClO48,1
Na2InNiF7,1
AlS2(NCl2)2,1
RbNbAsClO5,1
Tl2CS3,1
KCa12Si4S2O26F,1
Cu6GeWS8,1
HgSeO3,1
SrZrO3,1
KNaZnO2,1
CaAs2(XeF5)4,1
NaSbS2,1
CrMoF6,1
Zn2TeCl2O3,1
NaPr(Si3O7)2,1
Na2CuSi3O8,1
Na4Zr2(GeO4)3,1
RbSb2F7,1
TeAs(BrF2)3,1
Na2Gd2MgSi4(O6F)2,1
Zn4P6N12O,1
Pb2S(O2F)2,1
PH8C2NO4,1
K2Be2Zn2Si3O11,1
NaBi2AuO5,1
AgBTe4C2(O3F10)2,1
MnP4O11,1
YbClF,1
K5LiGe2O7,1
K2Sb2S(O2F3)2,1
CaP2Xe5F22,1
Na3ScSi2O7,1
CsReOF6,1
KAu(IO3)4,1
Sm2Ti3(BiO6)2,1
BaSi6N8O,1
NaB3O5,1
KSnSO4F,1
LiC2S2N(O2F3)2,1
Sr2TmNbO6,1
K4Ru(NO2)6,1
Cu2WS4,1
NaCdH3(CO2)3,1
CdB2F8,1
Li4Ca(BO3)2,1
HgO,1
Te6Mo(OF5)6,1
LaTmS3,1
RuCl(OF3)2,1
AlSeS2N2Cl5,1
Ca(BO2)2,1
Sm3Si2Cl5O6,1
Tl2Cd2(SO4)3,1
LiNdGeO4,1
Li3In(BO3)2,1
AgHg2PO4,1
NaLiCO3,1
LiAlB2O5,1
BS2N2OF7,1
CsTcNClO4,1
Re2SCl12,1
K2Ti(SiO3)3,1
AsS(ClF2)3,1
Ba3Mg(SiO4)2,1
Na2PHO3,1
NaSrBO3,1
KZrF5,1
Sn(SeO3)2,1
CaBiCO4F,1
GdPH5CO7,1
Li4Ga3Si3BrO12,1
Y3CuGeS7,1
B5Pb2ClO9,1
Bi2Au5F21,1
Al2CuSi2O7F2,1
BaPr2Ti3O10,1
K3SO4F,1
Ba5Hf4S13,1
PtS4N3Cl,1
Sr2LaTa3O11,1
K2SeO4,1
TaP4S6Cl5,1
Li3Sc(BO3)2,1
RbSO4F,1
LaGaO3,1
NaBe2BO3F2,1
RbNa3SnO4,1
Pr3CuGeS7,1
RbPS3,1
TlPO3,1
GaAgS2,1
Nd5As4(ClO4)3,1
KSbN(OF)3,1
KLi4NbO5,1
Rb2SbAuS4,1
InBiO3,1
MnB2F8,1
BiPPbO5,1
RbCO2,1
Nd3CuSiS7,1
TiMnO3,1
Li2U3V2O15,1
K3VSO3,1
VCdBiO5,1
Na5MoNO4,1
SrFe2(P2O7)2,1
LiMoIO6,1
SmMoClO4,1
HoMoClO4,1
MgV2PbO7,1
Gd2WO6,1
K3V(SO)2,1
AgTeNO5,1
ZrV2O7,1
SmMoO4F,1
CsMo2P3O13,1
TmMoClO4,1
Sr3Fe2(SeO3)6,1
Ba2V3BiO11,1
La2CrO6,1
Gd3BWO9,1
NaAl(MoO4)2,1
VAg2PO6,1
NiBiAsO5,1
KMo2Cl7O2,1
SrV2(PO5)2,1
KVPO5,1
K3Mo2BrO7,1
K2UCr(IO6)2,1
Cs2V4O9,1
Sb3C2N(OF8)2,1
RbLiMoO4,1
BaVClO3,1
Na5Er(MoO4)4,1
Nd2Mo(SeO5)2,1
Ba2MnSi2ClO7,1
Li4Mo3O8,1
CaFeSbAs2O7,1
K4W2Cl10O,1
Ba3Fe2Br2O5,1
Mo2P2PbO12,1
Mn2PClO4,1
BaMoSeO6,1
K2NiP2WO10,1
V2NiH24(N4O5)2,1
Na5Fe3F14,1
Nd2Te4MoO14,1
Na2VS2O9,1
Ba3V4PbO14,1
In2(WO4)3,1
KNd(WO4)2,1
LiV3(TeO6)2,1
CdTeMoO6,1
Na3LiWO5,1
KVPbO4,1
NbCu3S4,1
CuCClO,1
Cs3SbO3,1
PO2,1
XeO3,1
K2Th(MoO4)3,1
K(TeO3)2,1
MnP2PbO7,1
HoF3,1
C3O2,1
Cs3TlF6,1
K2MoC2O9,1
CsErS2,1
Ba2NiMoO6,1
CsBO2,1
AuCClO,1
TeF4,1
MnF4,1
Cs2TeOF4,1
CsSbS2,1
CsSmSiS4,1
Cs2AgAsS4,1
SrV3O7,1
Gd2GeO5,1
Cs2KRhF6,1
Mg2As2O7,1
CrHg3(SO2)2,1
NaVCdO4,1
ReAsC5SNO5F7,1
Na4MoS3O14,1
Nd2Te3MoO12,1
GdMoClO4,1
ErMoO4F,1
Na2SrV3O9,1
Nd2W2O9,1
VH16C6N6O7F2,1
Na3Fe2(PO4)3,1
K2Mo3(AsO5)4,1
GePb3O5,1
SrCrSn(PO4)3,1
CdMoPO6,1
CuBi(WO4)2,1
SrZnO2,1
RbNbS2O9,1
CsAl(SiO3)2,1
Ba7B4S13,1
Mn(NO3)2,1
KMo(PO4)2,1
CsPPbS4,1
CaMg(SiO3)2,1
Cs4Li2(Si2O5)3,1
USeO6,1
KCr2AgO7,1
ICl,1
RbZr6CCl15,1
GaSe2NCl6,1
Ba2Nd7Si11N23,1
Be3P2,1
RbSn2Br5,1
Ba(Si3N4)2,1
La2CN3Cl,1
La3CuSnSe7,1
AlSb2(TeCl2)2,1
PC2N3Cl4,1
AlAs3(SeCl)4,1
NaMo2P3O13,1
KPr3Te8,1
HgB2(CN)8,1
CsPbBr3,1
Na2VOF4,1
Ba3BiN,1
Ba2Li3NbN4,1
Sr2C(NCl)2,1
Cs2LiYCl6,1
Mn2Fe(CN)6,1
Rb2LiDyBr6,1
GeBr4,1
Sr4CN4,1
CsSbCl6,1
AlTlCl4,1
RbTaN2,1
In5Br7,1
Cd4P2I3,1
Na2SnSe3,1
BaI2,1
P4C2Se3N2,1
BPBr2NCl3,1
CsRb(MnCl3)2,1
Sm2(CN2)3,1
In3SnI5,1
Al2VCl8,1
Sr7GeN6,1
CsYbBr3,1
Ag10Te4Br3,1
Cd2Ru(CN)6,1
K2PtC4(BrN2)2,1
Rb2Hg2PdCl8,1
TlSn2Br5,1
RbLaSi(CN2)4,1
K2Th(PSe3)3,1
InBr2,1
H32WC8N4Cl7,1
Na4Ge2Te5,1
GaHg2SbCl4,1
Na3ErV2O8,1
Rb3Mn2Cl7,1
CuMo3Cl7,1
NaCaVO4,1
Hg2MoO4,1
KMoPClO5,1
Ag6Mo2ClO7F3,1
LiV(IO4)2,1
K4Th(MoO4)4,1
K4V5CdClO15,1
Sr2NiSe2(ClO3)2,1
Li2V2(SO4)3,1
DySbMo2O9,1
YMoClO4,1
Na2Zr(WO4)3,1
TaI4,1
Nd2Te2W2O13,1
NaV2Bi3O10,1
NdSbMo2O9,1
Rb2Cr2Cd(H2O5)2,1
Na2U(WO5)2,1
BaV2TeO8,1
Pr2Te4MoO14,1
Li3Nd3(WO6)2,1
Ba2CrO4,1
KWNClF5,1
Rb5ErHf(MoO4)6,1
MnVBiO5,1
KVH6SO9,1
KNiAs3F18,1
CrCl3,1
Rb2NaTmCl6,1
Ba3WCl2O5,1
BP(IBr)3,1
K8NbAs5Pb,1
Dy3Se3N,1
Cs2Cd3Te4,1
Sr3Li4(GeN3)2,1
Ga(SbBr)4,1
CaU(MoO4)4,1
Rb6U(Mo2O9)2,1
SbMoOF9,1
P2H19C6I2NCl4,1
CrP2Pb5O13,1
MnNi(BiO3)2,1
KIn(WO4)2,1
KV2CrO7,1
KNi(PO3)3,1
AlSeBr3N,1
LuMoClO4,1
ZrMnTlF7,1
Na2MoSeO6,1
SrFeP(O2F)2,1
CsMn(PO3)4,1
KV2PO8,1
VH9C3O4,1
NiBiPO5,1
H10C3IN,1
SbCl(OF3)2,1
SrP2(XeF6)3,1
Ca2Zr(SiO3)4,1
K2ZrS4,1
Ag15P4S16Cl3,1
K2RuN3Cl3O5,1
Hg3SO6,1
In2H10S3O17,1
Na3FeF6,1
TeC6(ClF7)2,1
Na3B5SO8,1
SiH8C2NClO,1
K2Be2(Si2O5)3,1
Na3SO4F,1
Li9Al3P8O29,1
K3NbAs2O9,1
NaLi2BO3,1
Ba4NaAuO8,1
K2NaAl3F12,1
C(SN)2,1
Ba17Y16Zn8Pt4O57,1
K2RuBr5NO,1
Na3La2(BO3)3,1
Na2Pd(NO3)4,1
TbCl2F,1
Er3O2F5,1
K9Sm3Si12(O16F)2,1
LaPS4,1
TeC4(ClF3)2,1
Li8Bi2PdO10,1
Na3AlS3,1
K2Ce(PO4)2,1
Ba3ScCO3F7,1
Gd3Si2Cl5O6,1
Sm2EuBeO5,1
Tb3CuSiS7,1
La2C2N4O,1
Rb3Al2(PO4)3,1
Ca7Cu(PtO6)2,1
MnClO3,1
K3Ni2F7,1
BaZn2Si2O7,1
K2SN2O5,1
KBe(PO3)3,1
KBS4(ClO3)4,1
K3Bi2(PO4)3,1
GdP4H4NO12,1
NaMgF3,1
K2Zn(GeO3)2,1
AsPbClO2,1
Cs2Al2P2O9,1
Ge(PbS2)2,1
Rb2Zr(IO3)6,1
Sb2SNF11,1
Cs3LiF4,1
Nd3Si2ClO8,1
Sm2(SeO3)3,1
NdGaGe2O7,1
SbSNCl5,1
KBCF6,1
LiPr(SO4)2,1
Li2Cd(PO3)4,1
NaInAs2O7,1
Li3Gd(BO3)2,1
Ca2Al2SiO7,1
KBaYSi2O7,1
BaUTiO6,1
Rb2Mn(PS3)2,1
CaZrAl9BO18,1
LiP3PbO9,1
NaB(CO2)4,1
KLiO,1
Rb2NaAl2(PO4)3,1
K3NdSi7O17,1
PS3N5F2,1
CdSbS2Br,1
BiP3Pb4O13,1
AsSe(IF2)3,1
UAgIO6,1
K2Se2O5,1
K2Cu(PS3)3,1
SbAs3(S2F3)2,1
RbUSO6F,1
AsSXe2(OF3)3,1
AgHgSBr,1
Li9Ga3P8O29,1
RbSiBiS4,1
Ta2Pt3S8,1
UTe6(OF5)6,1
Mg5B3O9F,1
NiSnF6,1
Rb8AlAu3O4,1
CaLaGaO4,1
Pr6Si4S17,1
Li5La3Ta2O12,1
P2NCl5O,1
V4S9Br4,1
HgCSNCl,1
PS2N(Cl3O2)2,1
K3Na2LiTeO6,1
CSNO2F3,1
Ca(GaO2)2,1
H9C3S2BrN2,1
Li5SbS3I2,1
Sm2SO2,1
Rb7NaZn2O6,1
K2Nb3Cl7O5,1
NaAs4BrO6,1
KTeOF3,1
AsCSCl2F9,1
USb3O2F17,1
AsCSF11,1
AgC4OF9,1
K6NbAs3O,1
La10S14O,1
NaAu(SO4)2,1
Rb6Si10O23,1
NdGa3(BO3)4,1
Ba2CuIO2,1
NbP4(S2Cl)5,1
La(BO2)3,1
Na2MnCrF7,1
K2Ce(NO3)6,1
SXeO3F2,1
Y(IO3)3,1
LiUPO6,1
Yb2PrDyS6,1
Na3Bi(PO4)2,1
La3GaS5O,1
MgTi2(PO5)2,1
Na3Ga(PO4)2,1
Ba4Na2CaTi3Si4(SO13)2,1
CsCu5S3,1
Na3Sc2(BO3)3,1
SrBi6(PO5)4,1
K2Ge2PbS6,1
Mg2BiAsO6,1
FeAsS,1
Ba8B5N10F,1
ZnSb2(XeF4)6,1
KNaMg2Si4(O5F)2,1
PdSeO4,1
AgTeO3,1
AuS5N5Cl4,1
YAg3(PS4)2,1
CsAlSiO4,1
K3AlB8O15,1
BaCa(GaO2)4,1
Rb2Y(NO3)5,1
ZrF4,1
K3Bi2(AsO4)3,1
Na2ZrGeO5,1
SeS2(NCl)2,1
AsSeS2N2ClF6,1
Rb2NiF4,1
BaZnSiO4,1
NaSb(PS3)2,1
SnH4C2NO4F,1
Na3NbOF6,1
LiPr2C2N4F3,1
Ba2TiOF6,1
NaLi3GeO4,1
KAlF4,1
AuN5O14,1
NaCaBeSi2O6F,1
Sn5(PO5)2,1
Te3As2S(OF6)2,1
NaPr2S2O8F3,1
K4Nb2Se11O,1
Na5Bi2As5O18,1
RbNaLi6(SiO4)2,1
KLa(PS3)2,1
Na3SbP2O9,1
Ba12Cl5F19,1
NaGaSiO4,1
KTiPS5,1
TeMo5O16,1
CaLa2B10O19,1
BaZr(PO4)2,1
Na2TeO4,1
Nd10S14O,1
Sb2O3,1
LiLa4AuO8,1
AlTlF4,1
Na8Si6SnO18,1
NaTi2Al5O12,1
NbSe2SN2ClF6,1
P3IrO9,1
LiBeH8CNOF4,1
K3Al2(PO4)3,1
K4Mn(AsS4)2,1
K3Sm(AsS4)2,1
Cs2KCrF6,1
K2NaTlO3,1
Cs4Ba(PO3)6,1
Na3CrF6,1
Sb2IBr2F11,1
NaAlAs2O7,1
Na5Y(CO3)4,1
CdHg2SO6,1
NaPr(SeO4)2,1
SnP2Cl8O3,1
Ba6Na2Si4O15,1
Mg2B2O5,1
Pr3Nb(Cl3O2)2,1
Mg10Ge3(H2O9)2,1
BaGa2B2O7,1
LiLa(PO3)4,1
ThSe2O7,1
AgSbPbS3,1
Cu2As4S3Cl2,1
C4SeO2,1
Pr10Se14O,1
Sr5B3O9F,1
BaNbTePO8,1
K2Mo3O10,1
SbI(ClF3)2,1
TaSCl7O,1
PdSe2O5,1
Si2N2O,1
TaBO4,1
HfSiO4,1
Tb2Ti2O7,1
Ce(TeO3)2,1
SrNb2O6,1
LiAlTe2,1
Tl3BO3,1
MgGeO3,1
Li4GeO4,1
Li2SO4,1
Ca9In(PO4)7,1
Li8SnO6,1
KPrO2,1
La2SO2,1
TbAlO3,1
Ta2Pt3Se8,1
La4Se3O4,1
Rb3AuO,1
Ba(NO3)2,1
Nd2S3,1
K4Ta2S11,1
La2(SeO3)3,1
Cr2CdS4,1
KErS2,1
K2SO4,1
LiNi6P7O24,1
Li9Cr3P8O29,1
ErPS4,1
Ho2Cu2O5,1
Li2SiO3,1
Tb2Sn2O7,1
AlCuS2,1
YSbPt,1
Na2HgO2,1
TiAl2O5,1
Te2SO7,1
NdCuO2,1
Th3N4,1
Te3As2,1
Na2PdC2,1
ZrSiO4,1
Ga2HgS4,1
Gd2SO2,1
CaSnF6,1
Pr2SeO2,1
ZnSiP2,1
Ba(SbSe2)2,1
PrNbO4,1
K2Ge8O17,1
Ag2CO3,1
ZnSeO3,1
Sr(GaO2)2,1
CaSc2O4,1
Na3Sr7Ta3Ti7O30,1
NaGd3Ti2(SbO7)2,1
ErAgSe2,1
NbCu3Se4,1
Rb2Pt3S4,1
BaLaMgTaO6,1
DyAgTe2,1
CaTiO3,1
LiCaPrTeO6,1
TlGaS2,1
Cs2KZrOF5,1
Zr(SO4)2,1
Ag5SbS4,1
Li2ZrF6,1
PrSF,1
Na8Al6Si6CO27,1
LiSbF6,1
Zr2P3H4NO12,1
CsB3O5,1
NaNO,1
LaPO4,1
CaUO4,1
Cu3PS4,1
Mg2PN3,1
BaLaMgNbO6,1
Sc2S3,1
Ca3TiAl2Si3O13F2,1
Na3Al3Si3AgBrO12,1
NaYTiNbO6F,1
Hg(CO2)2,1
SrAl3P2(HO2)7,1
BaZnO2,1
NaCaNb2O6F,1
Na3PO4,1
BeS,1
K2NaTiOF5,1
K4Gd2C3O9F4,1
Nd6Al7Si5N3O25,1
KGaO2,1
ScPO4,1
Ag3PO4,1
Ca3AsN,1
CrAgS2,1
LiAlPO4F,1
K2SnH2OF6,1
Tl3PSe4,1
Li2ZrO3,1
Ba2La2Zn(WO6)2,1
ErTlS2,1
Ca3Er3Ge2BO13,1
ZnC2S2(OF)6,1
NaSr3LaTi5O15,1
BaAl2O4,1
NaCu5C6,1
Tm2MoO6,1
CsSbO2,1
Dy2(WO4)3,1
Rb2Ag4S3,1
Rb7Au5O2,1
Cs7Au5O2,1
CsNdHgSe3,1
Gd3NbS3O4,1
Fe2Cu(P2O7)2,1
NaGdO2,1
Rb2HgO2,1
Li7Mo4P9O32,1
Na4TiSe4,1
Cs2SO4,1
K2NaH5(CO4)2,1
TlIn5S6,1
GaBPbO4,1
Na4MoO5,1
CsTmZnSe3,1
Tb2Mo4O15,1
KInSe2,1
SmH18(IO3)3,1
Bi2Se4Cl7,1
InPH2O5,1
Na6MnS4,1
CsBa2Nb3O10,1
Na4Sn3O8,1
Zr3TlF15,1
Ca3(AsO4)2,1
Al6SnTe10,1
Li15Cr2N9,1
AgCO2,1
ThTi2O6,1
KPrTe2,1
KCuC2,1
Ca4CN4,1
Na5SnAs3,1
Ba3As14,1
Cs3Ge4Au,1
NaInO2,1
LaRhO3,1
Zn(RhO2)2,1
YPO4,1
Na3AlP2,1
As3Pb5ClO9,1
KBi(WO4)2,1
CsCeCuS3,1
K3B12H12Br,1
SrSm2Nb2O9,1
CsB5O8,1
HCN,1
CaZnF4,1
SrZrS3,1
Sc2CI3,1
V2Zn4O9,1
UPbO4,1
Sr(BrO3)2,1
SiBr2,1
La3MnGaS7,1
Hg19(As5Br9)2,1
V2S2O11,1
Cs2Li2SiO4,1
S4N5F,1
Ga10GePb3O20,1
VCl3O,1
RbP4N7,1
LiGaTe2,1
Ag2Mo2O7,1
AsHPbO4,1
Cs2PdF6,1
SbClO,1
Cs2ZnO2,1
NaH4ClO2,1
Rb2PbO2,1
Pb2CCl2O3,1
CuH20S2(NO7)2,1
TbHO2,1
LiH5S(NO2)2,1
Li7Cr4P9O32,1
Rb2Pb4O7,1
CuP4O11,1
Gd2Br3N,1
K2LiInAs2,1
BaZr2F10,1
CsNa3PbO4,1
InSeI,1
CsNb(CuTe2)2,1
Ho2Mo4O15,1
NbSbRu,1
Pb3(BrO)2,1
Na2SO4,1
Te10Mo3I10,1
TbCu(WO4)2,1
Nb2P4O15,1
Cs2SnS14,1
TiH2SO6,1
MoAs2O7,1
Sr7Mn4O15,1
Na2Hg3S4,1
SmCu(WO4)2,1
LaCu(WO4)2,1
Na5(InTe3)2,1
Rb3ZnBr5,1
MoCl4O,1
RbReCl4,1
Ba2WO5,1
LiScGeO4,1
MnH2SO4,1
AuCl,1
Er2Se3,1
Si5P6O25,1
Pr2Se3,1
Dy(BO2)3,1
Pr2Te3,1
KAuSe5,1
Hg2WO4,1
WCl4O,1
W(ClO)2,1
La2W2O9,1
VRe2O9,1
Na5P3O10,1
TbAsO4,1
TaVO5,1
Ni(HO)2,1
Li3Ni(PO4)2,1
LiNi(PO3)4,1
Re2Ni(H2O3)4,1
HgSO4,1
Mo(PO4)2,1
LiMo(PO3)4,1
LiMn2P3O10,1
Mn(PO3)4,1
Li3Mn2P5O16,1
Mn(SeO3)2,1
Li3V2P5O16,1
Zr3InF15,1
NaNdF4,1
Sr(LaS2)2,1
AgSbF6,1
Tm2MgS4,1
PbF4,1
RbSO3,1
Li6NCl3,1
Ca(HoS2)2,1
TaO2F,1
SrSeO3,1
BiTeBr,1
Ho6Se11,1
Y2Sn2O7,1
PrSO,1
Ba(PrSe2)2,1
TaGaO4,1
Sr3Ti2O7,1
Pr3NF6,1
Cs(SbSe2)2,1
BaSO4,1
Rb3Sb,1
Li10Zn4O9,1
Y2S3,1
CsNO2,1
Tm2Se3,1
Rb2SO4,1
Mg3TeO6,1
SmScO3,1
LaScO3,1
Er3GaO6,1
KAlH4,1
NaP5,1
Na3B7O12,1
P2Pb8O13,1
Nd(ClO4)3,1
B6H10N,1
Rb4(BS)9,1
NdO2,1
NdGaO3,1
NbCl4,1
Rb6Te2O9,1
CuTe2Br,1
HfF4,1
AsI5F6,1
K2(NbBr3)3,1
Zn3(PO4)2,1
Sn(SO2)2,1
KSb3O5,1
Ti(NO3)4,1
ZrTlF5,1
LaIO,1
Sn(NO3)4,1
H5NF2,1
Zn(SbO3)2,1
Ta2Te2O9,1
Li2CrP2O7,1
CrBrO,1
Li3Cr2(PO4)3,1
Li6Cr9(PO4)8,1
Tl2Cr2O7,1
LiCr2P3O11,1
Rb3CoO2,1
CoHO2,1
KPb2Br5,1
NbI5,1
CsHC2,1
K2MgF4,1
LaSb5O12,1
Al4(B2O5)3,1
H18SO12,1
LiClO2,1
C2O3F2,1
KCO3,1
Rb2PdSe16,1
Cd2PCl2,1
AlBiBr6,1
U(SbO3)2,1
In2PO5,1
PPdSe,1
AlSiTe3,1
LiCaN,1
KHS,1
NaZnF3,1
Na4C2O5,1
TlGaTe2,1
Ba(LaSe2)2,1
Er10Ti6O27,1
KBH4,1
Cd(GaSe2)2,1
MgTiO3,1
KN3O4,1
Sr(PO3)2,1
Te3P2O11,1
Tl9SbTe6,1
SmTaO4,1
La5AgS8,1
GdPO4,1
BeTl2F4,1
Ca(NdTe2)2,1
Nd2CdS4,1
CdPbF6,1
SrHfO3,1
Rb3NbS4,1
AgAsF6,1
Sr(AlTe2)2,1
Mg(CN)2,1
Pr2CdS4,1
LiNdSe2,1
LiNbO2,1
AgSbS2,1
KBO2,1
Cd2GeO4,1
CaLaTiCrO6,1
Na4Al3Si3HO13,1
Sr(NdSe2)2,1
NdNbO4,1
Mg3Al14O24,1
Ce2Y2O7,1
NaBO2,1
Li3GaN2,1
Al2CdSe4,1
BaZnF4,1
Li2MgCl4,1
Ca2B2O5,1
CsNd5Se8,1
MgP4,1
Ba(AlTe2)2,1
Ce2Nd2O7,1
Sr(PrS2)2,1
K2PtF6,1
Sm5CuSe8,1
Ba2ZrS4,1
Sm2CdSe4,1
K2UO4,1
CaTa2O6,1
Zn2GeSe4,1
TbAgTe2,1
Bi2WO8,1
Al(CN)3,1
Ca2P2O7,1
K3VS4,1
Sm2CdS4,1
Na3AgO2,1
PHN2,1
NaBF4,1
NdOF,1
Y2SiO5,1
Er2Sn2O7,1
CaHN,1
Ca3(PO4)2,1
Sr(GdSe2)2,1
PrAlO3,1
Er3Pb4F17,1
Sr(SmS2)2,1
Ag3AuS2,1
SrTm2O4,1
Ba(NdS2)2,1
AgPF6,1
Tb2CdS4,1
Tl9BiTe6,1
CsTaN2,1
ZrSO,1
CeThO4,1
La2CdSe4,1
P2S2O3,1
LiTaO3,1
Cd(Ga3Te5)2,1
NdTlS2,1
Ag3SBr,1
Nd5AgSe8,1
RbCaF3,1
MgB4,1
La2CdS4,1
Ba(PrS2)2,1
TmCuSe2,1
La5TlS8,1
NaErS2,1
Ca(SmS2)2,1
MnSiN2,1
SiPN3,1
PrOF,1
Ba(NdSe2)2,1
ZnSiAs2,1
Gd3GaO6,1
La5TlTe8,1
Y(AgCl2)3,1
NdPO4,1
Mg(BC)2,1
Ca(DyS2)2,1
Na10Zn4O9,1
RbTa(PO4)2,1
AsXeF11,1
Y4TiSi2(O3F2)3,1
Cs2Si3SnO9,1
TiS4(NCl)5,1
SrHg2(ClO)2,1
K2CuSbS3,1
NaSO4,1
CaBeB2O5,1
Lu3B5O12,1
ZrSCl6O,1
Ba3Tb2(PS4)4,1
TlW3Br7,1
SnSb2As2F18,1
Ba3(PS4)2,1
CuBiSCl2,1
RbScAs2O7,1
U(TeO3)3,1
Ti4P6PbO24,1
Cs2Al2As2O7,1
Li4Ga3Si3ClO12,1
Na2UO4,1
CaZr4O9,1
KLiZnP2O7,1
KNaZnP2O7,1
Rb2Nb2P2S11,1
Ca2BClO3,1
GePbO3,1
MgAs2(XeF9)2,1
KZnB(PO4)2,1
Na2Tl2B10O17,1
LaH6(ClO3)3,1
TeS4(NCl)4,1
K3Sb2N2O6F7,1
K2SbSO4F3,1
Sr3Mg(SiO4)2,1
Sm2Ta2Cl2O7,1
Rb2PdN2(ClO2)2,1
CsCS(OF)3,1
KCu2AsS3,1
KSmP2S7,1
H10C3NClO,1
Li4Be3P3BrO12,1
Ho3CuSnS7,1
Ca6Si3H2O13,1
K2TeClF5,1
NaMnF4,1
KScH4(C2O5)2,1
KYP2O7,1
Ba2Sb4P2O17,1
Ba3BPO7,1
Na3LuSi2O7,1
Bi5IO7,1
DyP5O14,1
NaZr2(AsO4)3,1
Rb3AgO2,1
KNa9In2O8,1
CuSb2H12(O3F4)2,1
Ba2LaAg5S6,1
CsNdO2,1
CsCu3O2,1
Ba2LaNbO6,1
YBi2BrO4,1
Ba2CuBrO2,1
TbBi2IO4,1
YBi2ClO4,1
Pr2SbO5F,1
Sr2CuBrO2,1
KAlO2,1
LaCuSeO,1
SmBi2IO4,1
SrBiBrO2,1
CsClO2,1
PbCClO2,1
Nd2Ti2S2O5,1
AgClO4,1
V2ZnO6,1
Li7MnN4,1
Ba2CuClO2,1
Tl3VS4,1
SrBiIO2,1
DyCuS2,1
Ti3Tl3(PO4)5,1
K2Na4Ge2O7,1
CaMg2(SO4)3,1
BaZnAs2O7,1
Ho2Hf2O7,1
FeS3N2Cl5,1
BaLiBS3,1
Sr2UZnO6,1
H6CNF,1
KLa2NbO6,1
SNF,1
Eu2B5ClO9,1
Li2Cu5(Si2O7)2,1
SClO2F,1
SrCaSiO4,1
Cs2LiF3,1
RbMnF4,1
KSeNO2,1
CuCSN,1
CsGeBiS4,1
B4COF6,1
Li10Si2PbO10,1
NaLiB4O7,1
Rb5B19O31,1
K2AgSbS4,1
Be2BO3F,1
La2CO5,1
Eu2SiCl2O3,1
BaNiF4,1
K2Zn(SiO3)2,1
Sr7Zr(Si2O7)3,1
PNF2,1
CsNb(PO4)2,1
Na5Zr2F13,1
UTe2PbO8,1
Rb2Ti(GeO3)3,1
PrSClO4,1
LiU4P3O20,1
SbP(OF3)2,1
Na2Be2(SiO3)3,1
BiXeF9,1
CsCO2,1
SrTaF7,1
Cs2Bi4O7,1
TmNbO4,1
Ta9Pb12O20F29,1
Na2Er2B2O7,1
CuB4O7,1
Nd4(SBr2)3,1
Ba5Si(Cl3O2)2,1
KAu(NO3)4,1
Na3H5(CO2)4,1
Ba3Bi2(PO4)4,1
Nb2Te4Cl10O,1
Na3Sc2(PO4)3,1
Rb2AgC3(SN)3,1
K2Zn(Si2O5)2,1
BaU(SiO4)2,1
Sm3NbSe3O4,1
MgAs2(XeF5)4,1
KC(NO2)2,1
CsBC3NOF9,1
H5(NO)3,1
Ho3CuGeS7,1
Ca11Si4SO18,1
LiHo(PO3)4,1
Ba6Er2Ga4O15,1
Ag2H3IO6,1
Na4Zr2(SiO4)3,1
Sr2AlCO3F5,1
RbTh3F13,1
Te2S(O2F3)2,1
S4IN3Cl2,1
CaNb2(P2O7)3,1
Nd6Si4S17,1
Mg2PClO4,1
KBi6BrO9,1
BaSi2(BO4)2,1
SrCuH6O5,1
Na5AlP2(O4F)2,1
KNb5O13,1
Na4Si3(SnO6)2,1
Y2Te5O13,1
SbP(Cl3O)2,1
Cs5Si3AgO9,1
NaMnCrF6,1
K2SnP2O7,1
KTe3O6F,1
SnH22(Cl3O5)2,1
Ta2Cd2O7,1
RuO4,1
AsSXeNF10,1
CsLi5(BO3)2,1
NaY(SiO3)2,1
BaSb2F12,1
KXeO3F,1
RbLi7(SiO4)2,1
KErP2S7,1
CdGe(BiO3)2,1
CaB2(H6O5)2,1
CuP4S3I,1
Y3GaO6,1
CSCl2,1
AgAsC4S8(N2F3)2,1
TiPHO5,1
NaZr2NiF11,1
Li2Ga2GeS6,1
Ba3SrSb2O9,1
Hg3AsS4Br,1
BrN(OF2)2,1
BaBe2(BO3)2,1
AsC4S4N4Cl2O2F5,1
Cd(CO2)2,1
SbS2NCl6,1
TeAs(IF2)3,1
TePbO3,1
CS3NO2F3,1
Tl3CO3F,1
Na3Mg2P5O16,1
Ag2Ge2O5,1
AsCS2N2OF5,1
CsK2CoO2,1
Ba6Ru2Pt(ClO6)2,1
NaI(OF)2,1
NaSiBO4,1
SbTe(IF2)3,1
KRb2BiF6,1
Nb2AgPS10,1
Hg3PO4,1
TbSeClO3,1
SbXe2OF15,1
MgTlP(H6O5)2,1
Ba3Nb2(P2O9)2,1
PrSbO4,1
Pr7BP2O17,1
Nb2Se9,1
NaMg2H3(SO4)2,1
KZrP2HO8,1
HgNO2,1
SiI2,1
Y2Be2GeO7,1
Te7As5I,1
FeTeBr7,1
FeTeCl7,1
NdGeBO5,1
Rb5Nb3OF18,1
NaLiMo(H2O3)2,1
ErBi2IO4,1
SeBr,1
KDy2Cl7,1
Ti(TlS)4,1
UPCl10,1
Hg2AsF6,1
CsCuF4,1
CaP2H20C4(N2O3)4,1
B2PdO4,1
CsCo(CO)4,1
La3InS6,1
Na6Mg2C4SO16,1
Ba2CaMgAl2F14,1
KNa3Al4(SiO4)4,1
LiReO4,1
Ga2(SO4)3,1
Sb2WO6,1
Ca2SiH2O5,1
KH5S2O9,1
CsYP2O7,1
K3NaRe2O9,1
CdH4Br3N,1
Tl4V2O7,1
K2RuNCl5O,1
SrH9ClO5,1
As2Se2S(NF6)2,1
Ge3(Te3As)2,1
Cd2Si(P2O7)2,1
Na3MoN3,1
KZr2(AsO4)3,1
VAs2H4O9,1
Na5HfAs3,1
Cs2K4Fe2O5,1
BaH2N2O5,1
GdP2H9O10,1
MnH10SO9,1
K3Cr(HO)6,1
Ba2Mg3F10,1
Ge2C2(SF2)3,1
Cs3P7,1
AlGaCl4,1
Zr4Cd(PO4)6,1
Li2W2O7,1
Li7Fe4P9O32,1
LiCr4(PO4)3,1
FeP2O7,1
Rb2TiO3,1
Li2Cr3(P2O7)2,1
LiCo2P3O10,1
Fe(PO3)4,1
Li2FeP2O7,1
LaSF,1
Zn(SbO2)2,1
Ca4P2O,1
Cs2LiCr(CN)6,1
Hg2TeO5,1
YAl3(Si5N8)3,1
LiMgAl3(SeO4)6,1
NdAl6Si30(N15O)3,1
Er2CdSe4,1
KW3Br7,1
Na3B5Se9,1
SrAl22O34,1
Zr6NCl15,1
Tl4SnSe3,1
TlBi25O39,1
CsB9O13,1
KAuF4,1
K5SnSb3,1
RuF5,1
K3ReC4(N2O)2,1
S4N4O3,1
Ba2GeS4,1
Ba3SrTa2O9,1
Ba3SrNb2O9,1
NdTl(PO3)4,1
ZrP2H4O9,1
BaCd(PO3)4,1
MgB4(H9O8)2,1
K2Zn6O7,1
Cs2Sn(GeO3)3,1
SrIn2O4,1
MnH8(BrO2)2,1
BS2,1
Ba(BO2)2,1
Sn4SI6,1
BaSn(GeO3)3,1
Al2Te2Cl7,1
Al(TeCl2)2,1
NiH8(IO5)2,1
Nb3Se5Cl7,1
K2U7O22,1
Tl2SnO3,1
K2PdO2,1
NCl3,1
NaH5SO4,1
CsPr(SO4)2,1
PrBi2IO4,1
Ba2DyBiO6,1
UCdO4,1
K6Ti2O7,1
Pr3SbO7,1
Y3Ga5O12,1
VAsO5,1
Mg7As6(HO6)4,1
Tl2CO3,1
Ga2Te3(HO2)6,1
Ba3Zn6Si4TeO20,1
VBiPbO5,1
KSnPO5,1
Mn2ZnH12(NO2)4,1
SrCrO4,1
Zn3Co2(CN)12,1
Ba3Lu4O9,1
Cs3B12H12Br,1
MgH6(CO3)2,1
H8C3(NO)3,1
FeP(H2O3)2,1
K2(MoSe6)3,1
Rh2O3,1
Rb2RuO4,1
Ga2Te2Cl7,1
GeS2,1
KNb2PS10,1
BaBiIO2,1
Sr4Al14O25,1
BaCuB2O5,1
HoBi2IO4,1
KLiZnO2,1
NaScAs2O7,1
SmZnPO,1
Ba2CaTeO6,1
BeZnO2,1
Ba2Ca(BO3)2,1
DyZnPO,1
RbClO2,1
Ba3ZnN2O,1
Sr3SiO5,1
RbPO3,1
BaZnSO,1
TlPd3O4,1
Na5NbO5,1
LiAlAs2O7,1
AgPS3,1
Rb(CO)2,1
PdSeO3,1
HoBi2BrO4,1
DyBi2IO4,1
ScAsO4,1
LuBi2BrO4,1
K2CoH12(SO7)2,1
ZnHgC4(SN)4,1
TiAs2H4O9,1
P4O9,1
Ba2Zn7F18,1
Rb2Hg(BSe)9,1
Rb4(BSe)9,1
MnH4S2O9,1
Bi4RuI2,1
Ba9(NbN6)2,1
CsS2N(O2F)2,1
MgGeH12(OF)6,1
Si2Ag6O7,1
Tl2S7N8,1
Nb3Tl2Br9,1
Na2In2Sb3,1
K3GaTe3,1
K3GaSe3,1
K3AlAs2,1
Cd2AsO4F,1
Nb(SeBr)2,1
ReSe2,1
Sr2Li3NbN4,1
BaVAsO6,1
Na2Ca(PO3)4,1
TlPt2Se3,1
Sb(OF3)2,1
CsBa2Br5,1
AsSe,1
Rb2Cd3H6S3O16,1
Ga2H6(SeO4)3,1
BaGa2(GeO4)2,1
Rb2NaAl3F12,1
K2PaF7,1
Cs2MgH12(SO7)2,1
KSn,1
BaTm2NiO5,1
Rb3As11,1
MnH10SeO9,1
Si6Cl10O7,1
Ba3Nb2O8,1
HfNCl,1
Ag4HgGe2S7,1
Cs2CoSiO4,1
RbZn4(BO3)3,1
CsAlBP2HO9,1
CaZrO3,1
K2LaP2Se7,1
Ca3V2O8,1
VPPbO6,1
Na2CN2,1
Bi9Rh2I3,1
H13S2N3O8,1
K2Ag(AsSe2)3,1
MnHgC4(SN)4,1
CdAg4Ge2S7,1
