p_t,ceiling_None,ceiling_ClassWeight,ceiling_B-SMOTE,ceiling_SMOTE,ceiling_ADASYN,ceiling_RUS
0.005,0.04442821458254968,0.04440118566836874,0.04451099063222883,0.04486574513085373,0.04467654273158712,0.04463994107696709
0.0074934036939313985,0.042870572446831616,0.04244388694855237,0.0425860201205663,0.043085559593836587,0.042857596002807204,0.042633695742734956
0.009986807387862798,0.041687092975404696,0.04076457093928631,0.04071541042003392,0.04137939399728467,0.0410957526440257,0.040988963429083265
0.012480211081794194,0.04054949664032671,0.039803490403197805,0.03943883612332351,0.03994215867070176,0.03978512205987195,0.03976631060084728
0.014973614775725595,0.03943272179758366,0.03885359986694491,0.03837424374217388,0.03860523216159627,0.03846785626027843,0.0388543352598727
0.01746701846965699,0.03833965482404977,0.03789888819874745,0.03756618871971102,0.03745963220241109,0.037143904730083825,0.037937731224031476
0.01996042216358839,0.03729738872334916,0.03693931860102559,0.03675585174745092,0.03648880684002298,0.036086675228121305,0.03701646316453135
0.02245382585751979,0.03627241735746785,0.035974853900764686,0.03596841458666941,0.03552405049636919,0.03509917069982271,0.03609049539213088
0.024947229551451188,0.03529862297682155,0.03501381509779258,0.03517695015929282,0.03455436000534632,0.0342431756075631,0.03515979185253063
0.027440633245382585,0.03440422809554998,0.034051821944664204,0.03438142749054961,0.03357969741712315,0.03358200787842985,0.034224316121693694
0.029934036939313985,0.0335542699386613,0.03308488348395287,0.03358181528720486,0.03285303165645257,0.03291744129164999,0.03336397158384355
0.03242744063324538,0.032699931151529325,0.032112961483957786,0.03278173049782149,0.03221808230699177,0.032249449570979555,0.032549603577064726
0.03492084432717678,0.031841177780422183,0.03117769972579713,0.03202770314758107,0.0315798520141097,0.03157800616862261,0.031747926585507596
0.037414248021108175,0.03100207513472379,0.030547892919617917,0.03126976945533101,0.0309383152817409,0.030905430948662826,0.03096923994692212
0.03990765171503958,0.030322740633104524,0.029914814839337216,0.030507898986225298,0.03029344634896213,0.03032828383536012,0.030186508738781367
0.042401055408970975,0.029639868418405442,0.029278439931647013,0.02974206098843193,0.02968240285688163,0.02974813116163491,0.029399701367238896
0.04489445910290237,0.028953430783907795,0.028638742376400877,0.028973154627560435,0.02907447633589796,0.02916494938849027,0.028608785908531997
0.04738786279683377,0.028588038360816893,0.027995696083121795,0.02821894178310321,0.028463367394338565,0.028578714730481784,0.02803729859344532
0.049881266490765165,0.02832193748065225,0.027349274687455016,0.027460770365835968,0.027849050977253133,0.02798940315248375,0.027486266028371203
0.05237467018469657,0.028054436264517923,0.026703757246444415,0.026698609128218913,0.027231501765991758,0.027396990366404368,0.026932333695656854
0.054868073878627965,0.027785523629507553,0.026129744197234343,0.026064939838887767,0.026692383547877247,0.026806489959639954,0.026375478645200342
0.05736147757255936,0.027515188375451756,0.025580428086642716,0.0256036136686835,0.026250501444670032,0.026213445916229844,0.025831134738769378
0.059854881266490766,0.027243419183363135,0.025084496602703732,0.02513984048821672,0.02580627546827459,0.02567541004243264,0.025352641470440807
0.06234828496042216,0.026970204613856474,0.024660637727508126,0.02467360077621638,0.025359686920206286,0.025192570487357784,0.024875942267960513
0.06484168865435357,0.02669553310554367,0.024282406775805926,0.024204874803213906,0.024915206469326597,0.02478916662480093,0.0243967010283985
0.06733509234828496,0.0264193929734029,0.023902153484795373,0.023733642628760224,0.024468641104820527,0.024383605827480496,0.023914897363967267
0.06982849604221636,0.026141772407121556,0.023519861591319788,0.02325988409859797,0.024019681627562756,0.023975870749856153,0.023430510668274528
0.07232189973614776,0.02586265946941249,0.023135514657374706,0.022823513961910805,0.023568308732938123,0.023565943859902933,0.022943520113385393
0.07481530343007917,0.02558204209430301,0.022800520477729586,0.022504808149576484,0.02311450290822511,0.023153807436598287,0.022453904646837063
0.07730870712401056,0.02529990808539611,0.022495429584453962,0.022228632418105188,0.022658244429784022,0.022739443567368435,0.022012945206155446
0.07980211081794196,0.025016245114103483,0.022192022090797577,0.02195122187889442,0.022199513360199426,0.022322834145493183,0.021669061441653363
0.08229551451187335,0.024731040717849692,0.02188696588041939,0.021672303890446686,0.02173828954537601,0.021903960867468472,0.02132330901232017
0.08478891820580475,0.024444282298246987,0.02158024747801372,0.021391866132064924,0.021354929341714644,0.02148280523032576,0.020975672645168406
0.08728232189973616,0.024155957119240234,0.02129912902084868,0.02110989614841911,0.021097042203647123,0.021059348528907486,0.020758434053665634
0.08977572559366755,0.02386605230522132,0.021116509167006137,0.020826381347702233,0.020837742190180083,0.020633571853097797,0.02056727455646508
0.09226912928759895,0.02357455483911247,0.020936579715425927,0.020541308999755876,0.020577017658428436,0.020205456085007546,0.020383989606777148
0.09476253298153034,0.023281451560417984,0.02075874559157765,0.020254666234164866,0.020314856837229542,0.01977498189611286,0.020199694969825398
0.09725593667546174,0.02298672916324354,0.02057992910234072,0.019966440038320255,0.020051247825371658,0.019342129744346216,0.020014382279258634
0.09974934036939315,0.02271052642520725,0.020400122085210186,0.019676617255450196,0.019786178589792994,0.018906879871139228,0.019828043076037315
0.10224274406332454,0.022459887412391882,0.020219316286999925,0.01938518458261798,0.019519636963750718,0.018477610426325196,0.019640668807146378
0.10473614775725594,0.022207852287717798,0.020042178130473428,0.0190921285686866,0.01925161064495938,0.018046891089123558,0.01945225082428658
0.10722955145118734,0.021954409353652435,0.019868438629465864,0.018797435612249218,0.018982087193698143,0.017613765854217367,0.01926278038254392
0.10972295514511873,0.021699546781617854,0.019693725942153878,0.01850109195952487,0.018711054030886198,0.01717821450697482,0.01907224863903669
0.11221635883905014,0.021443252610150496,0.01951803186874798,0.018203083702218688,0.01844226509851131,0.016740216605667158,0.018880646651539715
0.11470976253298154,0.021185514743029838,0.019361503582345896,0.01790339677534598,0.01817670622025044,0.016299751478270615,0.018687965377085378
0.11720316622691293,0.02092632094737533,0.019217427582830356,0.017602016955019423,0.017909647233555377,0.015917324875070325,0.0184941956705409
0.11969656992084433,0.020665658851710962,0.019072535411033473,0.01729892985619865,0.017641075391539817,0.01566453157740743,0.01829932828316147
0.12218997361477572,0.020403515943996926,0.01892682011198691,0.0170389250177091,0.01738495592324652,0.015480489177370957,0.0181033538611187
0.12468337730870713,0.020139879569627536,0.018780274651475373,0.016777834097988796,0.017129319549202826,0.015295398260744723,0.01790626294400393
0.12717678100263852,0.019874736929394912,0.01863289191490469,0.016515251455661868,0.016872222616673812,0.015109249841602095,0.017708045963305885
0.1296701846965699,0.019608075077417617,0.018484664706150414,0.016251164269841592,0.016613652572618584,0.014922034831041481,0.01750869324086217
0.13216358839050132,0.019406626107741527,0.018340719991671823,0.01598555957229713,0.016353596719730343,0.014756693124121959,0.017308194987284038
0.13465699208443271,0.01923362063832737,0.01819822301363823,0.015718424245330757,0.016092042214357977,0.01466553970475321,0.01710654130035399
0.13715039577836413,0.019059615290198784,0.01805490247958823,0.015562316386205016,0.015828976064391532,0.014573859467567181,0.01690372216339551
0.13964379947229552,0.018884601370091472,0.017910751229263285,0.015462577270444935,0.015564385127111014,0.014481647832241823,0.01669972744361451
0.1421372031662269,0.018708570083672216,0.01776576201915882,0.015362258365281272,0.015298256106997601,0.014388900165203718,0.016494546890411854
0.14463060686015833,0.018531512534065788,0.017619927521310946,0.015261354600451802,0.015030575553506596,0.014295611778851946,0.016288170133666298
0.14712401055408972,0.018373623605148475,0.017473240322061847,0.015159860846402164,0.014874704575385337,0.014201777930768319,0.016080586681987412
0.1496174142480211,0.018228387651429395,0.01732569292080347,0.015057771913416602,0.01480266446041062,0.014107393822913742,0.0158938900414246
0.1521108179419525,0.018082297501498923,0.01717727772869904,0.01495508255073338,0.014730200645988874,0.014012454600810385,0.01575477501801601
0.15460422163588391,0.017935345597278197,0.017027987067381962,0.014851787445644542,0.0146573093831526,0.013916955352709384,0.015614839385084338
0.1570976253298153,0.017787524291257635,0.01687781316763163,0.014747881222579688,0.01458398687857476,0.013820891108743766,0.015474075860253084
0.1595910290237467,0.017638825845170264,0.016726748168025628,0.014643358442173448,0.014510229293910732,0.013724256840066297,0.01533247707472161
0.1620844327176781,0.017489242428641395,0.016598213938778462,0.014538213600316287,0.014436032745128509,0.013627047457971941,0.015190035571979267
0.1645778364116095,0.017338766117814104,0.016505613132115512,0.014432441127188349,0.014361393301826909,0.013529257813004602,0.015046743806496515
0.1670712401055409,0.017187388893949995,0.016412457917429905,0.01432603538627591,0.014286306986541528,0.013430882694047819,0.014903247289779119
0.1695646437994723,0.017035102642004786,0.01631874330084824,0.014218990673370128,0.014210769774038201,0.013331916827399076,0.014762271422593768
0.1720580474934037,0.016881899149178172,0.016224464228339553,0.014111301215547708,0.0141347775905937,0.013232354875827405,0.014620446438518203
0.1745514511873351,0.016743716640101405,0.016129615584806745,0.014002961170133079,0.014058326313263378,0.01313219143761388,0.014477764642858937
0.1770448548812665,0.016651172402514396,0.016034192193161476,0.013893964623641713,0.01398141176913551,0.013031421045574695,0.014334218247668423
0.1795382585751979,0.01655806567643536,0.0159381888133822,0.01378430559070418,0.013904029734572044,0.012930038166066408,0.014189799370328049
0.18203166226912929,0.01646439131798224,0.01584192184428168,0.013673978012970506,0.013826175934435449,0.012828037197973012,0.01404450003210521
0.18452506596306067,0.01637014412036106,0.015748512399528247,0.01356297575799445,0.013747846041301403,0.012725412471674394,0.013898312156683914
0.1870184696569921,0.016275318812901167,0.01565452998369022,0.013451292618097242,0.013669035674656958,0.012622158247995842,0.013758050223233183
0.18951187335092348,0.016179910060072675,0.01555996930866465,0.013338922309210353,0.013589740400083945,0.012518268717138153,0.013619389502455777
0.19200527704485487,0.016083912460485718,0.015464825021074019,0.013225858469696823,0.013509955728427229,0.01241373799758791,0.013479872991056064
0.1944986807387863,0.015987320545871098,0.015369091701255971,0.013112094659150714,0.013429677114947521,0.012308560135007543,0.013339492741816148
0.19699208443271768,0.015890128780041972,0.01527276386223422,0.012997624357174192,0.013348899958458428,0.012202729101104723,0.013198240708811157
0.19948548812664907,0.015792331557836124,0.0151758359486702,0.01288244096213175,0.013267619600447346,0.012096238792480576,0.013056108745871991
0.2019788918205805,0.01569392320403838,0.015078302335795102,0.01276653778988107,0.013185831324179886,0.011989083029456362,0.012913088605019265
0.20447229551451188,0.015594897972282796,0.01498015732832179,0.012649908072480051,0.013103530353787468,0.011881255554878064,0.01276917193486782
0.20696569920844327,0.015495250043934128,0.014881395159336222,0.012532544956869396,0.013020711853337686,0.011772750032898401,0.012635043004142157
0.20945910290237468,0.01539497352694811,0.014782009989167857,0.012414441503530308,0.012937370925887084,0.011663560047735846,0.012523624651935468
0.21195250659630607,0.015294062454710131,0.01468199590423866,0.012319501410684034,0.012853502612515964,0.011553679102410048,0.012411501238337714
0.21444591029023746,0.015192510784851763,0.014581346915890145,0.012228781918943894,0.012769101891344788,0.01144310061745316,0.012298666049606197
0.21693931398416888,0.015090312398044706,0.01448005695918804,0.012137484693396254,0.012684163676531812,0.011331817929596585,0.012185112286487242
0.21943271767810027,0.014987461096771595,0.014378119891704023,0.012045604197592277,0.012598682817251492,0.011219824290432532,0.012070833062850454
0.22192612137203166,0.014883950604073186,0.014275529492274043,0.01195313482411503,0.01251265409665326,0.01110711286504982,0.011955821404296666
0.22441952506596308,0.01477977456227137,0.014172279459732689,0.011860070893438742,0.01244035840701423,0.010993676730643399,0.011840070246739092
0.22691292875989447,0.014674926531667493,0.014068363411623066,0.011766406652765942,0.01236952773745072,0.010879508875096953,0.011723572434957004
0.22940633245382586,0.01456939998921536,0.01396377488288162,0.01167213627484204,0.012298238695438612,0.010764602195537966,0.011606320721121303
0.23189973614775725,0.014463188327168452,0.013858507324497352,0.011577253856746801,0.012228630884852074,0.010648949496864665,0.011488307763291405
0.23439313984168866,0.014356284851700669,0.013752554102144838,0.011481753418662248,0.012161162913667962,0.01053254349024419,0.011369526123882758
0.23688654353562005,0.01424868278150004,0.013645908494790436,0.011385628902616355,0.012093254051585787,0.010423575166592066,0.011249968268104281
0.23937994722955144,0.014140375246334779,0.01353856369327109,0.011288874171202053,0.012024899962725934,0.01033211547023029,0.011129626562365103
0.24187335092348286,0.014031355285591046,0.013430512798845077,0.011191483006270986,0.011956096254167665,0.010246976588093568,0.011008493272649843
0.24436675461741425,0.013921615846781752,0.013321748821714089,0.01109344910760135,0.011886838475008023,0.010163574614598506,0.010886560562861738
0.24686015831134564,0.013811149784025745,0.013212264679515914,0.010994766091539317,0.01181712211540201,0.01007962040690394,0.010763820493132842
0.24935356200527706,0.013699949856496687,0.013102053195787115,0.01089542748961336,0.011746942605583672,0.009995108461981856,0.010640265018100557
0.25184696569920845,0.013588008726840918,0.013007705263380867,0.010802066013115237,0.011676295314867587,0.009910033203443473,0.0105158859851497
0.2543403693931398,0.013475318959563557,0.012918555136379222,0.010710411669062985,0.011605175550630318,0.009824388980312678,0.0103906751326193
0.2568337730870712,0.013361873019382147,0.012828806792591262,0.010618142304382103,0.011533578557271384,0.009738170065774807,0.010264624087973288
0.25932717678100264,0.013247663269547022,0.012738454190499475,0.010525251707849535,0.011461499515153215,0.009691714344125397,0.010137724365934261
0.26182058047493406,0.013132681970127635,0.012647491206958805,0.010431733584321768,0.011388933539519648,0.009645721824357642,0.010009967366579386
0.2643139841688654,0.013016921276264058,0.012555911635813396,0.010337581553312724,0.011315875679392412,0.00959941754681221,0.009881344373397634
0.26680738786279684,0.012900373236382764,0.012463709186485084,0.010242789147542605,0.011242320916445106,0.009552798330859693,0.009751846551307307
0.26930079155672826,0.012783029790375933,0.012370877482533012,0.010147349811457049,0.011168264163854129,0.00950586095245696,0.00962146494463305
0.2717941952506596,0.01266488276774331,0.012277410060183649,0.01005125689971585,0.011093700265125985,0.009458602143403912,0.009490190475041247
0.27428759894459104,0.012545923885695769,0.012183300366830484,0.009954503675650516,0.011018623992900425,0.009411018590584895,0.009358013939432868
0.27678100263852246,0.01242614474721966,0.012088541759502717,0.009857083309689948,0.010943030047728836,0.009363106935194453,0.009224926007792747
0.2792744063324538,0.012305536839100973,0.011993127503302156,0.009758988877753417,0.010866913056827264,0.009314863771946978,0.009113227778190701
0.28176781002638523,0.012184091529908316,0.01189705076980752,0.009660213359610054,0.010790267572803455,0.009266285648269914,0.00903010521100995
0.28426121372031665,0.012061800067933788,0.01180030463544545,0.009560749637204106,0.010713088072357308,0.009217369063480103,0.008946403499258494
0.286754617414248,0.011943230056606385,0.011702882079827299,0.009460590492944995,0.010635368954954063,0.009168110467942836,0.008862116569116948
0.28924802110817943,0.011830242699111133,0.011604775984050934,0.009359728607961429,0.010557104541469547,0.009118506262213213,0.008777238261535147
0.2917414248021108,0.011716459804210726,0.011505979128966679,0.009258156560318627,0.010478289072806828,0.009068552796159375,0.008691762330731916
0.2942348284960422,0.01160187294022285,0.011406484193406473,0.009155866823197741,0.010398916708483516,0.009018246368067136,0.008605682442662974
0.29672823218997363,0.011486473555889295,0.011306283752375386,0.009097138263041597,0.010318981525189053,0.008967583223725577,0.008518992173456304
0.299221635883905,0.011370252978248674,0.011205370275204506,0.009044980735515074,0.010238477515311161,0.008916559555493109,0.00843168500781408
0.3017150395778364,0.011253202410463556,0.011103736123664255,0.00899245072460663,0.010157398585430737,0.008865171501343545,0.008349258761540131
0.3042084432717678,0.011135312929600894,0.011001373550037165,0.008939544225878022,0.010075738554784407,0.008813415143891643,0.008268748872170509
0.3067018469656992,0.011016575484364544,0.010898274695149016,0.008886257177284147,0.00999349115369386,0.008761286509397637,0.00818765988517983
0.3091952506596306,0.010896980892778683,0.010794431586357392,0.008832585458133419,0.009910650021961218,0.008708781566750187,0.008105985529950463
0.311688654353562,0.010776519839820886,0.010689836135496475,0.008778524888025531,0.009827208707229473,0.008655896226427252,0.008023719445003675
0.3141820580474934,0.010675984137926902,0.010584480136777033,0.008724071225766043,0.009743160663307222,0.008602626339434274,0.007940855176347933
0.3166754617414248,0.01061517100894974,0.010478355264640419,0.00866922016825723,0.009658499248456666,0.008548967696219132,0.007857386175791046
0.3191688654353562,0.010553912448873052,0.01037145307156541,0.00861396734936453,0.009573371890201068,0.00849491602556323,0.007773305799215196
0.3216622691292876,0.010492203545809294,0.010263764985826696,0.008558308338758005,0.009506823073171525,0.008440466993448149,0.0076886073048139615
0.324155672823219,0.010430039315384899,0.010155282309203734,0.008502238640728157,0.009439783216831494,0.008385616201897213,0.007603283851290283
0.3266490765171504,0.010367414699398194,0.010045996214638697,0.008445753692975441,0.009372246866257594,0.008330359187791295,0.007517328496014411
0.3291424802110818,0.010304324564447395,0.00993589774384221,0.008388848865372762,0.009304208485428303,0.00827469142165824,0.007430734193140768
0.3316358839050132,0.010240763700527917,0.009824977804845468,0.00833151945870029,0.009235662455711217,0.008218608306435168,0.007343493791682658
0.3341292875989446,0.010179539743182342,0.009724077017607958,0.008273760703351849,0.00916660307431634,0.008162105176202998,0.007255600033543724
0.336622691292876,0.010123876925900865,0.00964564304780224,0.008215567758012124,0.009097024552714494,0.008105177294892397,0.007167045551505012
0.3391160949868074,0.010067794095745201,0.009566617241673805,0.00815693570830393,0.009026921015019916,0.008047819854960468,0.007077822867166458
0.3416094986807388,0.010011286480798156,0.009486992875157512,0.008097859565404745,0.008956286496336108,0.007990027976037352,0.0069879243888416095
0.34410290237467017,0.009954349236580435,0.009406763121941636,0.008038334264631674,0.008888973625683267,0.007931796703541957,0.006897342409404329
0.3465963060686016,0.009896977444666175,0.009325921051516996,0.007978354663994037,0.008844640877385884,0.00787312100726601,0.006806069104086187
0.349089709762533,0.009839166111266607,0.009244459627181241,0.007917915542712671,0.008799968483395308,0.007813995779925541,0.006714096528223237
0.35158311345646437,0.009780910165781077,0.009162371703997082,0.007857011599705071,0.008754952525520124,0.007754415835678975,0.006621416614950802
0.3540765171503958,0.009722204459314487,0.009079650026703256,0.007795637452035456,0.008709589025068671,0.007694375908610875,0.006528021172844867
0.3565699208443272,0.009663043763160285,0.00899628722757688,0.00773378763332879,0.008663873941676788,0.00763387065118044,0.006433901883508637
0.35906332453825857,0.009603422767248014,0.00891227582424595,0.007671456592147779,0.008617803172108213,0.007572894632633799,0.006339050299102748
0.36155672823219,0.009543336078554511,0.008827608217450562,0.007608638690331845,0.008571372549026872,0.0075114423373790805,0.006243457839817631
0.36405013192612135,0.009482778219477728,0.008742276688751457,0.0075453282012970255,0.008524577839740265,0.007449508163323279,0.006147115791286385
0.36654353562005276,0.009421743626172121,0.008656273398184465,0.007481519308295709,0.008477414744913207,0.007387086420169818,0.006050015301936556
0.3690369393139842,0.009360226646844615,0.008569590381859343,0.007417206102635134,0.008429878897251043,0.007324171327675777,0.00595214738027916
0.37153034300791554,0.009298221540009956,0.008482219549501412,0.007352382581853444,0.008381965860151531,0.007276874758574909,0.005853502892133109
0.37402374670184696,0.009235722472704398,0.008394152681934492,0.00728704264785218,0.00833367112632451,0.007233551541465375,0.00575407255778336
0.3765171503957784,0.009172723518656533,0.008305381428503409,0.007221180104983958,0.008284990116378434,0.007189881811954923,0.005656028345251659
0.37901055408970974,0.009109218656414026,0.008215897304434422,0.007154788658094064,0.00823591817737286,0.007145861396082276,0.005558606113402359
0.38150395778364116,0.009045201767425053,0.008125691688131778,0.007087861910514684,0.008186450581335925,0.007101486052578557,0.005460398385976093
0.3839973614775726,0.008980666634073162,0.008053635636718523,0.0070203933620104336,0.008136582523745828,0.007056751471505086,0.005361395624583988
0.38649076517150394,0.008915606937664178,0.007998926346556424,0.006952376406673769,0.00808630912197525,0.00701165327285795,0.005261588135774752
0.38898416886543535,0.008850016256363849,0.007943770546372058,0.0068838043307688805,0.008035625413697723,0.006966187005138404,0.0051726399710671075
0.39147757255936677,0.008783888063084779,0.007888162747478292,0.006814670310522578,0.007984526355254803,0.006920348143888138,0.005110269061497074
0.39397097625329813,0.008717215723321186,0.00783209737085891,0.006744967409860641,0.007933006819982939,0.006874132090188376,0.005047384922856413
0.39646437994722955,0.00864999249293001,0.007775568745302691,0.006674688578088047,0.007881061596498847,0.006827534169121765,0.004983981194192008
0.39895778364116097,0.008582211515856777,0.0077185711054911085,0.006603826647511485,0.007828685386942258,0.006780549628196001,0.004920051408997935
0.40145118733509233,0.008513865821804623,0.0076610985900381606,0.006532374331002414,0.007775872805174684,0.00673317363572803,0.004855588993016927
0.40394459102902375,0.008444948323844813,0.007603145239481047,0.006460324219498977,0.007722618374933012,0.006685401279187707,0.004790587261986651
0.40643799472295516,0.008375451815967045,0.007544704994220198,0.006387668779444947,0.007668916527936556,0.0066372275634997095,0.0047250394193292106
0.4089313984168865,0.00830536897056773,0.007485771692407139,0.006314400350163847,0.007614761601946178,0.006588647409302459,0.004658938553782132
0.41142480211081794,0.008234692335874452,0.0074263390677787,0.006240511141166328,0.0075601478387740985,0.006539655651162799,0.004592277636969152
0.41391820580474936,0.008163414333304662,0.007366400747435922,0.00616599322938882,0.007505069382242897,0.006490247035745103,0.004525049520909009
0.4164116094986807,0.008091527254756679,0.007305950249566027,0.0060908385563613835,0.007449520276092182,0.0064404162199334335,0.0044572469354603435
0.41890501319261214,0.008019023259830935,0.007255340316006728,0.006015038925302651,0.00739349446183138,0.006390157768905361,0.004388862485700835
0.42139841688654356,0.007945894372979389,0.007205479711335218,0.00593858599813967,0.007336985776537003,0.006339466154155993,0.0043198886492385805
0.4238918205804749,0.007872132480580888,0.007155187511972604,0.005861471292450329,0.007279987950592708,0.0062883357514706695,0.004250317773453632
0.42638522427440634,0.007797729327940284,0.0071044580897176475,0.005783686178326061,0.0072224946053704225,0.006236760838844796,0.004180142072667607
0.42887862796833776,0.00772267651620892,0.007053285718082627,0.005708175317277078,0.007165765011761326,0.006184735594349192,0.004109353625239162
0.4313720316622691,0.007646965499224101,0.007001664570138432,0.0056531127594699375,0.007117585273680077,0.00613225409393926,0.004037944370583026
0.43386543535620054,0.007570587580265046,0.006949588716302712,0.005597565182045169,0.007068981143433405,0.006079310309206279,0.00396590610611028
0.43635883905013195,0.007493533908722748,0.006897052122069328,0.005541526148196226,0.00701994698881558,0.006025898105069004,0.0038932304840874317
0.4388522427440633,0.007443128149744796,0.006844048645677246,0.005484989106711339,0.006970477077516304,0.005972011237403722,0.003819909008411719
0.44134564643799473,0.007392325370282588,0.0067917257932098634,0.00542794738942044,0.006920565574886768,0.005917643350610833,0.003745933031300084
0.44383905013192615,0.0073410670685907006,0.006754855786729733,0.005370394208573408,0.006870206541645614,0.005862787975116006,0.003671293749889089
0.4463324538258575,0.007289347090430087,0.006717653697175608,0.005312322654147455,0.006819393931522906,0.00580743852480377,0.003595982202742932
0.44882585751978893,0.007237159170199418,0.006680115017711442,0.005253725691081442,0.0067681215888401435,0.005751588294381475,0.0035199892662666956
0.4513192612137203,0.007184496928404742,0.00664223515957843,0.005194596156434788,0.006716383246024322,0.005695230456671384,0.003443305651021817
0.4538126649076517,0.0071313538690598016,0.006604009450225051,0.005134926756468539,0.006664172521053854,0.005638358059828552,0.0033659218979405874
0.4563060686015831,0.007077723377014862,0.006565433131385709,0.0050747100636461505,0.006611482914834264,0.005580964024482213,0.0032878283744365525
0.4587994722955145,0.0070235987152116675,0.006526501357106218,0.005013938513551336,0.006558307808501301,0.005523041140798093,0.0032090152704073397
0.4612928759894459,0.00696897302186217,0.006487209191714474,0.00495260440172032,0.006504640460649163,0.005464582065459157,0.0031294725941264923
0.4637862796833773,0.006913839307548566,0.006447551607734514,0.004890699880385749,0.006450474004481412,0.005405579318562143,0.003049190168020719
0.4662796833773087,0.006858190452242022,0.006407523483742087,0.004828216955129277,0.006395801444882,0.005346025280427069,0.002968157624328732
0.4687730870712401,0.006802019202237436,0.006367119602159841,0.004765147481439917,0.006347280602115348,0.005285912188316898,0.0028863644006378447
0.4712664907651715,0.006745318167001509,0.006326334646990139,0.004701483161175017,0.006299532361916673,0.005225232133064414,0.002803799735294302
0.4737598944591029,0.006688079815931164,0.0062851632014834,0.004637215538920595,0.006251331645225857,0.005163977055603168,0.0027204526626830976
0.4762532981530343,0.006630296475019391,0.006243599745739844,0.004572335998247726,0.006202671989721205,0.00510213874339934,0.0026363120083729707
0.4787467018469657,0.006571960323425412,0.00620163865424242,0.004506835757861504,0.006153546809431539,0.005039708826781223,0.0025513663841220894
0.4812401055408971,0.006513063389945913,0.00615927419331857,0.004440705867638909,0.006103949391764592,0.0049766787751628115,0.002515297903224788
0.4837335092348285,0.006453597549384019,0.006116500518528436,0.004373937204551871,0.006053872894449313,0.004913039893157978,0.0024944326960100885
0.4862269129287599,0.006393554518812562,0.006073311671977037,0.0043065204684716385,0.006003310342389139,0.004848783316581506,0.002473364965985016
0.4887203166226913,0.006332925853727988,0.006029701579547782,0.004238446177850362,0.005952254624423182,0.004783900008333103,0.0024520917501658674
0.4912137203166227,0.006271702944091163,0.005985664048054627,0.0041697046652756815,0.005900698489992172,0.00471838075416036,0.0024306100274862795
0.4937071240105541,0.0062098770102512295,0.005941192762310113,0.0041002860728940015,0.005848634545705912,0.004652216158296572,0.0024089167173670044
0.4962005277044855,0.00614743909874838,0.00589628128210631,0.004030180347697821,0.005796055251808776,0.004585396638968961,0.002387008678243198
0.4986939313984169,0.006084380077991389,0.005850923039105667,0.003959377236672426,0.00574295291853973,0.004517912423772882,0.0023648827060477624
0.5011873350923483,0.006020690633805514,0.005813113314810625,0.0038878662817970573,0.005689319702383204,0.004449753544907297,0.0023425355326492097
0.5036807387862796,0.005956361264846181,0.005783770093881806,0.0038156368148953507,0.005635147602206923,0.004380909834266607,0.002319963824242426
0.5061741424802111,0.005891382277873739,0.005754130555964552,0.0037455039343897013,0.005580428455282762,0.004311370918383819,0.002297164179690692
0.5086675461741424,0.005825743782884339,0.005724190189829037,0.003719018225885207,0.005525153933186425,0.0042411262132197244,0.002274133128817219
0.5111609498680739,0.005759435688091787,0.005693944392204363,0.0036922623279864574,0.005469315537571644,0.004170164918792607,0.002250867130644393
0.5136543535620053,0.005692447694755046,0.0056633884654191825,0.0036652320850611058,0.005412904595814389,0.004098476013642761,0.00222736257157887
0.5161477572559366,0.0056247692918457975,0.00563251761496935,0.0036379232558170233,0.00535591225652239,0.004026048249125847,0.002203615763540537
0.5186411609498681,0.005556389750550279,0.0056013269470099915,0.003610331511083744,0.005298329484905112,0.003952870143528888,0.0021796229420333376
0.5211345646437995,0.0054872981185993645,0.005569811465769223,0.003582452431524603,0.005240147057999078,0.0038789299760024704,0.002155380264155824
0.5236279683377308,0.005417483214420545,0.005537966070880638,0.0035542815052770093,0.00518135555974323,0.0038042157803023302,0.0021308838065492207
0.5261213720316623,0.005346933621105318,0.005505785554631588,0.0035258141255182333,0.005121945375898829,0.0037401956037571397,0.00210612956328072
0.5286147757255937,0.005275637680185127,0.0054732645991241325,0.0034970455879539454,0.00506190668880814,0.0036764044987232843,0.0020811134436596
0.531108179419525,0.005203583485208667,0.005440397773345396,0.003467971088226602,0.0050012294719858595,0.00361193495584961,0.0020558312699836493
0.5336015831134565,0.00513075887511323,0.0054071795301439685,0.003438585719240724,0.00493990348453707,0.0035467760941852713,0.0020302787752133206
0.5360949868073879,0.005057151427382258,0.005373604203108789,0.003408884468401911,0.004877918265395199,0.0034809167988470342,0.0020044516005708743
0.5385883905013192,0.004982748450981027,0.0053396660033468235,0.0033788622147663265,0.00481526312737311,0.0034143457146985643,0.0019783452930616703
0.5410817941952507,0.004907536979062066,0.005305359016155718,0.0033485137260972717,0.0047519271510203,0.0033470512398237045,0.0019519553029146664
0.5435751978891821,0.004831503761431474,0.005270677197587378,0.0033178336558252787,0.004687899178278749,0.003279021518785806,0.0019252769809390202
0.5460686015831134,0.004754635256766926,0.005235614370898286,0.0032868165399080047,0.004623167805929656,0.003210244435664895,0.0018983055757935646
0.5485620052770449,0.004676917624577807,0.005200164222882197,0.0032554567935860796,0.004557721378823029,0.0031407076068641036,0.0018710362311658035
0.5510554089709763,0.004598336716897435,0.0051643203000806236,0.0032237487080308417,0.0044915479828816635,0.0030703983736764025,0.0018434639828569014
0.5535488126649076,0.004518878069696858,0.005128076004866325,0.003191686446879732,0.004424635437870652,0.0029993037946022027,0.0018155837557689795
0.5560422163588391,0.0044385268940093595,0.005091424591394835,0.003159264042654952,0.0043569712899232844,0.0029274106374081246,0.00178739036079091
0.5585356200527705,0.004357268066754166,0.005054359161418782,0.0031264753930607507,0.004288542803813648,0.002854705370916636,0.0017588784915785615
0.5610290237467018,0.004275086121247412,0.005016872659959561,0.003093314257154517,0.004219336954965855,0.002781174156515856,0.0017300427212253145
0.5635224274406333,0.004191965237387879,0.004978957870830651,0.003059774251386635,0.004149340421189406,0.0027068028393783788,0.0017008774988184604
0.5660158311345647,0.0041271559053799745,0.004940607412006621,0.003025848845503839,0.004078539574129659,0.002631576939377397,0.001671377145876899
0.568509234828496,0.004067473318956789,0.0049018137308315494,0.0029915313583105075,0.004006920470421836,0.0025554816416878358,0.0016415358526653064
0.5710026385224274,0.004007096962385747,0.004862569099060373,0.002956814953282159,0.0039344688425365865,0.002478501787059758,0.0016113476743797855
0.5734960422163589,0.003946014668025603,0.004822865607726279,0.0029216926340250755,0.0038611700893044125,0.002400621861750573,0.0015808065271997133
0.5759894459102902,0.003884213982026751,0.004782695161827026,0.002886157239575736,0.00378700926610579,0.002321825987102037,0.0015499061842002872
0.5784828496042216,0.0038216821558661645,0.004742049474822644,0.002850201439533398,0.003711971074713086,0.0022420979087472894,0.001518640271119994
0.5809762532981531,0.0037584061375801206,0.004700920062936716,0.0028138177290189235,0.0036360398527698337,0.0021614209854325835,0.001487002261976972
0.5834696569920844,0.0036943725626820342,0.0046592982392529595,0.0027769984234525236,0.0035591995628921295,0.002079778177437522,0.0014549854745279289
0.5859630606860158,0.0036295677447521005,0.004617175107598502,0.0027397356531428116,0.0034814337813762093,0.0019971520345768573,0.001422583065562962
0.5884564643799473,0.0035639776656848816,0.00457454155620481,0.002702021357679161,0.0034027256864955467,0.0019135246837661529,0.0013897880260293526
0.5909498680738786,0.0034975879655802086,0.004531388251136773,0.0026638472801189736,0.0033230580463699385,0.0018288778161326957,0.001356593175977016
0.59344327176781,0.003430383932262062,0.004487705629479978,0.00262520496096104,0.0032487438643706464,0.0017431926736520588,0.0013229911593179429
0.5959366754617414,0.0033623504904094267,0.004443483892275765,0.0025860857318957746,0.0031858129306569583,0.0016564500352899483,0.001288974438391625
0.5984300791556728,0.0032934721902822036,0.004398712997193069,0.0025464807093226213,0.003122100503039277,0.0015863265722132849,0.0012545352883280136
0.6009234828496042,0.003223733196024465,0.004353382650925539,0.0025063807876244213,0.003057591933350869,0.0015584309745101895,0.0012196657911991444
0.6034168865435356,0.003153117273526497,0.004307482301301861,0.0024657766321880895,0.0029922722050402485,0.001530184605511002,0.0011843578299501603
0.605910290237467,0.0030816077778260606,0.004261001129096577,0.0024246586721603383,0.002926125921517344,0.0015015808072308275,0.001148603082099942
0.6084036939313984,0.0030293921699714992,0.004213928039528035,0.0023830170929266285,0.002859137294054419,0.0014726127521117248,0.0011123930132010637
0.6108970976253298,0.00299638544113402,0.004166251653429454,0.0023408418283009606,0.0027912901292218234,0.0014432734375895212,0.0010757188700483088
0.6133905013192612,0.0029629529643524864,0.004117960298078349,0.0022981225524134454,0.0027225678158375594,0.00141355568045038,0.0010385716736243827
0.6158839050131926,0.002929086448684312,0.004069041997668764,0.002254848671281889,0.002652953311408534,0.0013834521109675584,0.0010009422117708555
0.618377308707124,0.0028947773865051754,0.004019484463410011,0.0022110093140529927,0.002582429128040309,0.0013529551668083257,0.0009628210315718146
0.6208707124010554,0.0028600170463838133,0.003969275083234711,0.0021665933238979185,0.0025109773177908433,0.0013220570867004486,0.0009241984314369684
0.6233641160949868,0.002824796465673784,0.0039184009110980016,0.002121589248546214,0.002438579457442449,0.001290749903847089,0.0008850644528702687
0.6258575197889182,0.0027891064428090134,0.003866848655848888,0.0020759853304412297,0.0023652166326648657,0.0012590254390784043,0.0008454088719094129
0.6283509234828496,0.002752937529289214,0.0038146046696536226,0.0020297694964992643,0.0022908694215408327,0.0012268752937274713,0.0008052211902207468
0.630844327176781,0.002716280021340478,0.0037616549359498937,0.0019829293474536575,0.002215517877423987,0.0011942908422174839,0.0007644906258332624
0.6333377308707124,0.0026791239512356365,0.003707985056909566,0.0019354521467641371,0.002139141511097368,0.0011612632243465132,0.0007232061034945494
0.6358311345646438,0.0026414590782580377,0.003653580240386368,0.001887324809070539,0.00206171927219897,0.0011277833372553142,0.0007008091838137777
0.6383245382585752,0.002603274879291544,0.0035984252863236546,0.001838533888168908,0.0019832295298789562,0.0010938418270628756,0.0006986878394267503
0.6408179419525066,0.002564560539018602,0.0035425045725960723,0.0017890655644868152,0.0019036500526512417,0.001059429080153594,0.0006965370427449201
0.643311345646438,0.0025253049397071896,0.003485802040257365,0.0017389056320333439,0.0018229579874000047,0.001024535214099005,0.0006943561761165083
0.6458047493403694,0.0024854966505663775,0.0034283011781650816,0.0016880394847978621,0.0017411298374994466,0.000989150068196061,0.0006921446044975744
0.6482981530343008,0.0024451239166491195,0.003369985006951264,0.0016364521025702544,0.0016581414400028607,0.0009532631936029429,0.0006899016748355045
0.6507915567282322,0.002404174647279626,0.0033108360623064397,0.0015841280361536796,0.0015739679418544572,0.000916863843052282,0.0006876267154260882
0.6532849604221636,0.0023626364039813753,0.0032508363775422995,0.0015393104053796685,0.0014885837750747196,0.0008799409601205036,0.000685319035242852
0.655778364116095,0.0023262169313932636,0.003189967465396552,0.0015041937252955836,0.0014019626308673094,0.0008424831680308126,0.0006829779232372463
0.6582717678100264,0.002307214726360852,0.003128210299041214,0.0014685645908598115,0.001314077432592405,0.000804478757965989,0.0006806026476081948
0.6607651715039577,0.0022879331858107355,0.0030655452922533355,0.0014324117023283432,0.0012249003075481164,0.000765915676865756,0.0006781924550394303
0.6632585751978892,0.002268366104718877,0.003001952278704796,0.0013957234252811087,0.0011344025574982729,0.0007267815146820393,0.000675746569902948
0.6657519788918206,0.002248507092909751,0.002937410490325135,0.001358487778138997,0.0010425546278810625,0.0006870634910637868,0.0006732641934268071
0.668245382585752,0.0022347485178009423,0.0028718985346886453,0.0013206924191179453,0.0009829205615668355,0.0006723442402510085,0.0006707445028254037
0.6707387862796834,0.0022245171080602323,0.002805394371374029,0.0012823246325902819,0.0009419949226039948,0.0006723442402510085,0.0006681866503902261
0.6732321899736148,0.002214129556655265,0.0027378752872417424,0.001243371314821655,0.0009004447169841264,0.0006723442402510085,0.0006655897625389844
0.6757255936675461,0.002203582261782801,0.0026693178705707267,0.0012038189590499147,0.0008582555374942701,0.0006723442402510085,0.0006629529388208683
0.6782189973614776,0.002192871510001567,0.0025996979839927057,0.0011636536398702876,0.0008154125303693346,0.0006723442402510085,0.0006602752508755599
0.680712401055409,0.002181993471873201,0.002528990736158326,0.0011228609968889146,0.0007781509957410233,0.0006723442402510085,0.0006575557413434684
0.6832058047493403,0.0021709441973973348,0.002457170452065195,0.0010814262176044162,0.0007560524467892906,0.0006723442402510085,0.0006547934227245018
0.6856992084432718,0.002159719611229398,0.002384210641973605,0.0010393340194746526,0.0007336032744534168,0.0006723442402510085,0.0006519872761825175
0.6881926121372032,0.0021483155076689724,0.0023100839688308403,0.0009965686311230572,0.0007107950673325659,0.0006723442402510085,0.0006491362502924112
0.6906860158311345,0.002136727545405747,0.002234762214119876,0.0009531137726359628,0.0006876191428061154,0.0006723442402510085,0.0006462392597266049
0.693179419525066,0.0021249512420092927,0.002158216242042923,0.0009089526348992588,0.000664066536013207,0.0006723442402510085,0.0006432951838774914
0.6956728232189974,0.0021129819681479584,0.0020804159619442503,0.0008640678579192556,0.0006401279882905383,0.0006723442402510085,0.0006403028654121578
0.6981662269129287,0.0021008149415212246,0.0020013302888704804,0.0008184415080690036,0.0006157939350370707,0.0006723442402510085,0.0006372611087554743
0.7006596306068602,0.002088445220488809,0.0019209271021597783,0.0007720550541974449,0.0005910544929722391,0.0006723442402510085,0.0006341686784973703
0.7031530343007916,0.002075867697378697,0.0018391732019440495,0.0007248893425345244,0.0005658994467520151,0.0006723442402510085,0.0006310242977198424
0.7056464379947229,0.0020630770914550484,0.0017560342634403365,0.0006769245703208433,0.0005403182349047186,0.0006723442402510085,0.0006278266462389304
0.7081398416886544,0.0020500679415256526,0.0016714747888992645,0.0006281402580856103,0.0005142999350459272,0.0006723442402510085,0.0006245743587565814
0.7106332453825858,0.0020368345981671837,0.0015854580570692145,0.0005785152204913499,0.0004878332483289889,0.0006723442402510085,0.0006212660229169641
0.7131266490765171,0.002023371215544999,0.0014979460700250118,0.0005280275356581571,0.0004609064830846188,0.0006723442402510085,0.0006179001772614178
0.7156200527704486,0.002009671742802606,0.0014088994971994586,0.0004766545128741832,0.0004335075375998332,0.0006723442402510085,0.0006144753090758196
0.71811345646438,0.001995729914994148,0.0013527858542321269,0.00042437265859246627,0.0004056238819829176,0.0006723442402510085,0.0006109898521237052
0.7206068601583113,0.0019815392435313505,0.0013208568434408333,0.00037115764060697675,0.00037724253905732294,0.0006723442402510085,0.0006074421842580059
0.7231002638522427,0.001967093006114342,0.0012883528092525643,0.00033617212012550425,0.00034835006422330624,0.0006723442402510085,0.0006038306249037538
0.7255936675461742,0.0019523842361135052,0.0012552580767506804,0.00033617212012550425,0.0003189325242216319,0.0006723442402510085,0.0006001534324035445
0.7280870712401055,0.0019374057113671292,0.0012215563960713345,0.00033617212012550425,0.0002889754747288798,0.0006723442402510085,0.0005964088012169505
0.7305804749340369,0.0019221499423570112,0.0011872309157985694,0.00033617212012550425,0.0002584639367086438,0.0006723442402510085,0.000592594858964421
0.7330738786279684,0.0019066091597213393,0.0011522641548683075,0.00033617212012550425,0.00022738237143730012,0.0006723442402510085,0.000588709663305503
0.7355672823218997,0.0018907753010611078,0.0011166379728827867,0.00033617212012550425,0.00019571465411683713,0.0006723442402510085,0.0005847511986404451
0.7380606860158311,0.0018746399969929908,0.0010803335387295234,0.00033617212012550425,0.000163444045980603,0.0006723442402510085,0.0005807173726234159
0.7405540897097626,0.0018581945563979868,0.0010433312973907646,0.00033617212012550425,0.00013055316479059506,0.0006723442402510085,0.0005766060124746649
0.7430474934036939,0.0018414299508112027,0.0010056109348205002,0.00033617212012550425,9.702395361702683e-05,0.0006723442402510085,0.0005724148610779688
0.7455408970976253,0.0018243367978938608,0.0009671513407564806,0.00033617212012550425,6.2837647782343e-05,0.0006723442402510085,0.0005681415728486334
0.7480343007915567,0.0018069053439239624,0.0009279305693242093,0.00033617212012550425,2.7974739842546222e-05,0.0006723442402510085,0.0005637837093561588
0.7505277044854881,0.0017891254452369512,0.0008879257972784342,0.00033617212012550425,0.0,0.0006723442402510085,0.0005593387346844059
0.7530211081794195,0.0017709865485421577,0.0008471132797151486,0.00033617212012550425,0.0,0.0006723442402510085,0.0005548040105107076
0.755514511873351,0.0017524776700347888,0.000805468303073569,0.00033617212012550425,0.0,0.0006723442402510085,0.0005501767908838654
0.7580079155672823,0.0017335873732165783,0.0007629651352325955,0.00033617212012550425,0.0,0.0006723442402510085,0.0005454542166793127
0.7605013192612137,0.0017143037453309841,0.0007195769724900086,0.00033617212012550425,0.0,0.0006723442402510085,0.0005406333097079143
0.7629947229551451,0.001694614372310919,0.0006752758831948618,0.00033617212012550425,0.0,0.0006723442402510085,0.000535710966452898
0.7654881266490765,0.0016745063121282992,0.0006300327477839675,0.00033617212012550425,0.0,0.0006723442402510085,0.000530683951407243
0.7679815303430079,0.0016539660664251796,0.0005838171949519486,0.00033617212012550425,0.0,0.0006723442402510085,0.0005255488899814631
0.7704749340369393,0.001632979550295816,0.00053659753366088,0.00033617212012550425,0.0,0.0006723442402510085,0.0005203022609491222
0.7729683377308707,0.0016115320600774941,0.0004883406806696559,0.00033617212012550425,0.0,0.0006723442402510085,0.0005149403883945418
0.7754617414248021,0.001589608238995334,0.0004390120832347957,0.00033617212012550425,0.0,0.0006723442402510085,0.0005094594331240017
0.7779551451187335,0.0015671920404923985,0.0003885756366031907,0.00033617212012550425,0.0,0.0006723442402510085,0.0005038553834982677
0.7804485488126649,0.0015442666890610832,0.00033699359588273145,0.00033617212012550425,0.0,0.0006723442402510085,0.000498124045640439
0.7829419525065963,0.0015208146383748579,0.00033617212012550425,0.00033617212012550425,0.0,0.0006723442402510085,0.0004922610329688826
0.7854353562005277,0.001496817526500769,0.00033617212012550425,0.00033617212012550425,0.0,0.0006723442402510085,0.00048626175500036045
0.7879287598944591,0.0014722561279524415,0.00033617212012550425,0.00033617212012550425,0.0,0.0006723442402510085,0.00048012140536327855
0.7904221635883905,0.0014471103023204384,0.00033617212012550425,0.00033617212012550425,0.0,0.0006723442402510085,0.00047383494895527776
0.7929155672823219,0.0014213589391915307,0.00033617212012550425,0.00033617212012550425,0.0,0.0006723442402510085,0.00046739710817305085
0.7954089709762533,0.001394979899040266,0.00033617212012550425,0.00033617212012550425,0.0,0.0006723442402510085,0.0004608023481352347
0.7979023746701847,0.0013679499497449858,0.00033617212012550425,0.00033617212012550425,0.0,0.0006723442402510085,0.0004540448608114146
0.8003957783641161,0.0013402446983456979,0.00033617212012550425,0.00033617212012550425,0.0,0.0006723442402510085,0.00044711854796159264
0.8028891820580475,0.0013118385176224751,0.00033617212012550425,0.00033617212012550425,0.0,0.0006723442402510085,0.00044001700278078695
0.8053825857519789,0.0012827044670298525,0.00033617212012550425,0.00033617212012550425,0.0,0.0006723442402510085,0.0004327334901326313
0.8078759894459103,0.0012528142074745149,0.00033617212012550425,0.00033617212012550425,0.0,0.0006723442402510085,0.0004252609252437969
0.8103693931398417,0.0012221379093695804,0.00033617212012550425,0.00033617212012550425,0.0,0.0006723442402510085,0.00041759185071756327
0.812862796833773,0.0011906441533384093,0.00033617212012550425,0.00033617212012550425,0.0,0.0006723442402510085,0.0004097184117097705
0.8153562005277045,0.0011582998228731284,0.00033617212012550425,0.00033617212012550425,0.0,0.0006723442402510085,0.00040163232909345026
0.8178496042216359,0.001125069988176961,0.00033617212012550425,0.00033617212012550425,0.0,0.0006723442402510085,0.00039332487041940844
0.8203430079155672,0.0010909177803338438,0.00033617212012550425,0.00033617212012550425,0.0,0.0006723442402510085,0.00038478681845862913
0.8228364116094987,0.0010558042548524283,0.00033617212012550425,0.00033617212012550425,0.0,0.0006723442402510085,0.00037600843708827524
0.8253298153034301,0.0010196882435226772,0.00033617212012550425,0.00033617212012550425,0.0,0.0006723442402510085,0.0003669794342558375
0.8278232189973614,0.000982526193400294,0.00033617212012550425,0.00033617212012550425,0.0,0.0006723442402510085,0.0003576889217252417
0.8303166226912929,0.0009442719915949468,0.00033617212012550425,0.00033617212012550425,0.0,0.0006723442402510085,0.00034812537127390487
0.8328100263852243,0.0009048767743802728,0.00033617212012550425,0.00033617212012550425,0.0,0.0006723442402510085,0.00033827656697023637
0.8353034300791556,0.0008642887189641291,0.00033617212012550425,0.00033617212012550425,0.0,0.0006723442402510085,0.00032812955311620044
0.8377968337730871,0.0008224528160532866,0.00033617212012550425,0.00033617212012550425,0.0,0.0006723442402510085,0.0003176705773884898
0.8402902374670185,0.0007793106211136749,0.00033617212012550425,0.00033617212012550425,0.0,0.0006723442402510085,0.0003068850286535869
0.8427836411609498,0.0007347999819609916,0.00033617212012550425,0.00033617212012550425,0.0,0.0006723442402510085,0.0002957573688654161
0.8452770448548813,0.0006888547400116054,0.00033617212012550425,0.00033617212012550425,0.0,0.0006723442402510085,0.0002842710583780695
0.8477704485488127,0.0006414044021737669,0.00033617212012550425,0.00033617212012550425,0.0,0.0006723442402510085,0.0002724084739186099
0.850263852242744,0.0005923737799568359,0.00033617212012550425,0.00033617212012550425,0.0,0.0006723442402510085,0.00026015081836437714
0.8527572559366755,0.0005416825919126469,0.00033617212012550425,0.00033617212012550425,0.0,0.0006723442402510085,0.0002474780213533299
0.8552506596306069,0.0004892450249876089,0.00033617212012550425,0.00033617212012550425,0.0,0.0006723442402510085,0.0002343686296220704
0.8577440633245382,0.000434969249744138,0.00033617212012550425,0.00033617212012550425,0.0,0.0006723442402510085,0.00022411474675033618
0.8602374670184697,0.00037875688369057997,0.00033617212012550425,0.00033617212012550425,0.0,0.0006723442402510085,0.00022411474675033618
0.8627308707124011,0.0003205023961215755,0.00033617212012550425,0.00033617212012550425,0.0,0.0006723442402510085,0.00022411474675033618
0.8652242744063324,0.0002600924468942824,0.00033617212012550425,0.00033617212012550425,0.0,0.0006723442402510085,0.00022411474675033618
0.8677176781002639,0.00019740515042375104,0.00033617212012550425,0.00033617212012550425,0.0,0.0006723442402510085,0.00022411474675033618
0.8702110817941953,0.0001323092548410191,0.00033617212012550425,0.00033617212012550425,0.0,0.0006723442402510085,0.00022411474675033618
0.8727044854881266,0.00011205737337516809,0.00033617212012550425,0.00033617212012550425,0.0,0.0006723442402510085,0.00022411474675033618
0.8751978891820581,0.00011205737337516809,0.00033617212012550425,0.00033617212012550425,0.0,0.0006723442402510085,0.00022411474675033618
0.8776912928759895,0.00011205737337516809,0.00033617212012550425,0.00033617212012550425,0.0,0.0006723442402510085,0.00022411474675033618
0.8801846965699208,0.00011205737337516809,0.00033617212012550425,0.00033617212012550425,0.0,0.0006723442402510085,0.00022411474675033618
0.8826781002638523,0.00011205737337516809,0.00033617212012550425,0.00033617212012550425,0.0,0.0006723442402510085,0.00022411474675033618
0.8851715039577837,0.00011205737337516809,0.00033617212012550425,0.00033617212012550425,0.0,0.0006723442402510085,0.00022411474675033618
0.887664907651715,0.00011205737337516809,0.00033617212012550425,0.00033617212012550425,0.0,0.0006723442402510085,0.00022411474675033618
0.8901583113456464,0.00011205737337516809,0.00033617212012550425,0.00033617212012550425,0.0,0.0006723442402510085,0.00022411474675033618
0.8926517150395779,0.00011205737337516809,0.00033617212012550425,0.00033617212012550425,0.0,0.0006723442402510085,0.00022411474675033618
0.8951451187335092,0.00011205737337516809,0.00033617212012550425,0.00033617212012550425,0.0,0.0006723442402510085,0.00022411474675033618
0.8976385224274406,0.00011205737337516809,0.00033617212012550425,0.00033617212012550425,0.0,0.0006723442402510085,0.00022411474675033618
0.900131926121372,0.00011205737337516809,0.00033617212012550425,0.00033617212012550425,0.0,0.0006723442402510085,0.00022411474675033618
0.9026253298153034,0.00011205737337516809,0.00033617212012550425,0.00033617212012550425,0.0,0.0006723442402510085,0.00022411474675033618
0.9051187335092348,0.00011205737337516809,0.00033617212012550425,0.00033617212012550425,0.0,0.0006723442402510085,0.00022411474675033618
0.9076121372031662,0.00011205737337516809,0.00033617212012550425,0.00033617212012550425,0.0,0.0006723442402510085,0.00022411474675033618
0.9101055408970976,0.00011205737337516809,0.00033617212012550425,0.00033617212012550425,0.0,0.0006723442402510085,0.00022411474675033618
0.912598944591029,0.00011205737337516809,0.00033617212012550425,0.00033617212012550425,0.0,0.0006723442402510085,0.00022411474675033618
0.9150923482849604,0.00011205737337516809,0.00033617212012550425,0.00033617212012550425,0.0,0.0006723442402510085,0.00022411474675033618
0.9175857519788918,0.00011205737337516809,0.00033617212012550425,0.00033617212012550425,0.0,0.0006723442402510085,0.00022411474675033618
0.9200791556728232,0.00011205737337516809,0.00033617212012550425,0.00033617212012550425,0.0,0.0006723442402510085,0.00022411474675033618
0.9225725593667546,0.00011205737337516809,0.00033617212012550425,0.00033617212012550425,0.0,0.0006723442402510085,0.00022411474675033618
0.925065963060686,0.00011205737337516809,0.00033617212012550425,0.00033617212012550425,0.0,0.0006723442402510085,0.00022411474675033618
0.9275593667546174,0.00011205737337516809,0.00033617212012550425,0.00033617212012550425,0.0,0.0006723442402510085,0.00022411474675033618
0.9300527704485488,0.00011205737337516809,0.00033617212012550425,0.00033617212012550425,0.0,0.0006723442402510085,0.00022411474675033618
0.9325461741424802,0.00011205737337516809,0.00033617212012550425,0.00033617212012550425,0.0,0.0006723442402510085,0.00022411474675033618
0.9350395778364116,0.00011205737337516809,0.00033617212012550425,0.00033617212012550425,0.0,0.0006723442402510085,0.00022411474675033618
0.937532981530343,0.00011205737337516809,0.00033617212012550425,0.00033617212012550425,0.0,0.0006723442402510085,0.00022411474675033618
0.9400263852242744,0.00011205737337516809,0.00033617212012550425,0.00033617212012550425,0.0,0.0006723442402510085,0.00022411474675033618
0.9425197889182058,0.00011205737337516809,0.00033617212012550425,0.00033617212012550425,0.0,0.0006723442402510085,0.00022411474675033618
0.9450131926121372,0.00011205737337516809,0.00033617212012550425,0.00033617212012550425,0.0,0.0006723442402510085,0.00022411474675033618
0.9475065963060686,0.00011205737337516809,0.00033617212012550425,0.00033617212012550425,0.0,0.0006723442402510085,0.00022411474675033618
0.95,0.00011205737337516809,0.00033617212012550425,0.00033617212012550425,0.0,0.0006723442402510085,0.00022411474675033618
