p_t,NB_calculate_all,NB_calculate_none,NB_None,NB_ClassWeight,NB_B-SMOTE,NB_SMOTE,NB_ADASYN,NB_RUS
0.005,0.04419002227633011,0.0,0.04442821458254968,0.04440118566836874,0.04420466293817812,0.04425534215226739,0.044219866702404895,0.04419002227633011
0.0074934036939313985,0.041788808885887554,0.0,0.04278301421846488,0.042307378093875005,0.0419284039655441,0.04199270230526468,0.04193940236575946,0.041788808885887554
0.009986807387862798,0.03937550031452757,0.0,0.041472917248645366,0.040454505172301244,0.03964197236913021,0.03989321633991849,0.03969298898841998,0.03937550031452757
0.012480211081794194,0.03695000494433287,0.0,0.04049763713344048,0.03858317072683801,0.03766481344104526,0.03776554142385074,0.037578606479450924,0.03695000494433287
0.014973614775725595,0.03451223022973405,0.0,0.03924170723659358,0.03673157854973491,0.03578200618372403,0.03579696917860181,0.03561640770279968,0.03451223022973405
0.01746701846965699,0.03206208268573893,0.0,0.038195717762895,0.03518168797993615,0.03395109110623756,0.033890334933284,0.033669211352255105,0.03206208268573893
0.01996042216358839,0.029599467875982242,0.0,0.03686538097784311,0.033771265823150654,0.03209970172920817,0.032061808244795584,0.031669031968681774,0.029601750143484182
0.02245382585751979,0.02712429040059236,0.0,0.036091136601425475,0.03244253473228103,0.03031796032436431,0.030156172935792123,0.02984987753930828,0.027129438222382004
0.024947229551451188,0.02463645388387196,0.0,0.03474854740234152,0.03127668676162084,0.02875207624305512,0.028414735168744435,0.02794716410774661,0.024650789113211585
0.027440633245382585,0.022135860961789107,0.0,0.033658557109617765,0.030216577778761414,0.027083592246870118,0.026523244578380945,0.026057078608946644,0.02218328622018988
0.029934036939313985,0.019622413269275447,0.0,0.033019125155341285,0.0286923764795403,0.025437615047739084,0.02474821631257516,0.024343649434904163,0.019726148366114162
0.03242744063324538,0.017096011427328035,0.0,0.031875007249764616,0.027545860345594704,0.023842634742123683,0.02307783270289767,0.022567082583854852,0.017298809268712682
0.03492084432717678,0.01455655502991119,0.0,0.031163326640149525,0.02659175865191284,0.022116059742356246,0.02152185220953342,0.02096782896273784,0.014880933652605066
0.037414248021108175,0.012003942630654754,0.0,0.030157058965804992,0.025588286773794686,0.020541085315929554,0.01999350250300579,0.019341363114518995,0.012514721774706701
0.03990765171503958,0.009438071729345146,0.0,0.029687197096717022,0.024684380072126297,0.019196840805852267,0.01861264887924919,0.017746023098831755,0.010276211609282458
0.042401055408970975,0.006858838758205345,0.0,0.028742455370610747,0.02384518721655363,0.017707581367213707,0.017189557232180346,0.016397742350059592,0.007962406126747465
0.04489445910290237,0.004266139067959904,0.0,0.028320546613505353,0.02285531765257168,0.01664443050816714,0.015755815862343814,0.014698034005646211,0.005665775084337972
0.04738786279683377,0.00165986691368121,0.0,0.02800643501819486,0.021836190543917,0.015428721131631982,0.014197505329243083,0.013064206267803663,0.0034430763937796927
0.049881266490765165,-0.0009600845595871474,0.0,0.027557703984796234,0.021073773929210338,0.014124250069499258,0.01285659938000449,0.011473250413293938,0.0010984108985782476
0.05237467018469657,-0.003593823331434036,0.0,0.027317163333192514,0.02042233539484788,0.012998982919042945,0.011580863552215305,0.009899581741914791,-0.0009875806795927866
0.054868073878627965,-0.006241458520915497,0.0,0.026940221779531218,0.01939370881147383,0.011839969463759648,0.010044699005989893,0.008451535684197473,-0.003076308923688563
0.05736147757255936,-0.008903100401624967,0.0,0.026669184376641446,0.01875421885377759,0.010680159838993696,0.008943606165487894,0.00704294674896612,-0.005131328130110656
0.059854881266490766,-0.01157886041700331,0.0,0.026310208937917374,0.017971920453520716,0.009465147293452221,0.007551597386246479,0.00550530769498956,-0.007201417897893046
0.06234828496042216,-0.014268851195893113,0.0,0.02619847594908909,0.0171711456801099,0.008144411377125807,0.006158145006712475,0.00420536309609796,-0.009172843722820088
0.06484168865435357,-0.016973186568341785,0.0,0.025902666129225475,0.016627568968835355,0.007186571250515382,0.004826276371976031,0.0029038565283691434,-0.011136860427621124
0.06733509234828496,-0.01969198158165817,0.0,0.025909371516514526,0.01608916647523374,0.006017456857340633,0.0037470555298874594,0.0017419044158847527,-0.013112285064016363
0.06982849604221636,-0.022425352516727524,0.0,0.025398483025393902,0.015568298539164218,0.004642587820911648,0.0030457015127235143,0.0010324847216437658,-0.014960707494531017
0.07232189973614776,-0.02517341690458926,0.0,0.025440309718561115,0.014966299794329986,0.003786576060200303,0.0018624873117549859,-0.00026607690090311303,-0.016862453081652032
0.07481530343007917,-0.027936293543283204,0.0,0.025413191451069815,0.014366188610386875,0.0025616747938528722,0.0006961509793449033,-0.00148525833474112,-0.01885751633256711
0.07730870712401056,-0.03071410251496865,0.0,0.02529990808539611,0.01356051232746465,0.0014528044592746273,-0.0003495984968610519,-0.002713762337366206,-0.02073192787260695
0.07980211081794196,-0.03350696520332192,0.0,0.02466459242954388,0.012376942606003347,0.0004183929386365956,-0.00144323168741603,-0.003746982583195453,-0.022385702651927374
0.08229551451187335,-0.03631500431121743,0.0,0.02438574446439282,0.011666834694197395,-0.0005095854239959632,-0.002875941646321753,-0.004721877536320591,-0.02408014076836621
0.08478891820580475,-0.039138343878697864,0.0,0.024145982220215013,0.01054217864861557,-0.0012502635907698095,-0.0038566325175187766,-0.005750334770050158,-0.025968241900463075
0.08728232189973616,-0.04197710930123883,0.0,0.02390521449294712,0.009836947710567305,-0.0020347975980538405,-0.004793394088263479,-0.006931684082379694,-0.027589580074063612
0.08977572559366755,-0.04483142734831374,0.0,0.023528962547354575,0.00928902759601423,-0.002994024570408295,-0.0057954670254754745,-0.008083284086774542,-0.029397564488738218
0.09226912928759895,-0.04770142618226474,0.0,0.022969624820201057,0.009215566726411918,-0.0041044469699742375,-0.006710387554023395,-0.009275078986067706,-0.03109819626422093
0.09476253298153034,-0.05058723537748528,0.0,0.022082143546747868,0.008422738896400675,-0.005012002290734459,-0.007755992870527008,-0.010360152205323797,-0.03274245018897306
0.09725593667546174,-0.05348898593992089,0.0,0.022013781373477145,0.007670411379930318,-0.005713773175019879,-0.00900301440688249,-0.011434817273313629,-0.03437474396196984
0.09974934036939315,-0.056406810326893826,0.0,0.02168584985422705,0.0072069366579977645,-0.006566567991456253,-0.00997851376758313,-0.012460808163970903,-0.035984112225488175
0.10224274406332454,-0.05934084246725801,0.0,0.02111610461235065,0.006683921800584969,-0.0073914229096318645,-0.010581558830862037,-0.013445814455384696,-0.03768989237552081
0.10473614775725594,-0.06229121778189103,0.0,0.02101763260361401,0.0061205344003107676,-0.00821088881614606,-0.011403339165404897,-0.01453525531607306,-0.0390328042944799
0.10722955145118734,-0.06525807320452931,0.0,0.020625008047624342,0.005448831177612114,-0.008820527458918176,-0.012266963981456373,-0.01544360969347812,-0.040389483292972914
0.10972295514511873,-0.06824154720295345,0.0,0.02026344792595573,0.004880075944288985,-0.009534026243095253,-0.013153635658745486,-0.016716772196617366,-0.04190348970668597
0.11221635883905014,-0.07124177980053062,0.0,0.020171189776546933,0.004194183561907011,-0.010035927231786097,-0.014220619204127358,-0.01763793780756165,-0.04334259108565628
0.11470976253298154,-0.07425891259812098,0.0,0.01991837554230642,0.003511050321500543,-0.01085977971395672,-0.014960289725712346,-0.018573453278445916,-0.04483021333299224
0.11720316622691293,-0.07729308879635524,0.0,0.01998573966266209,0.0032190990723827834,-0.011480009631749569,-0.01574687093399329,-0.01956933422205792,-0.046331621126498336
0.11969656992084433,-0.08034445321829106,0.0,0.019906509485652372,0.0024902894301544604,-0.01239707177509957,-0.01650807285654802,-0.020443566031280475,-0.04750791468279702
0.12218997361477572,-0.08341315233245525,0.0,0.019992360468613433,0.0018302311358726064,-0.01302678670057325,-0.017486261932414364,-0.02142113660808659,-0.04903501184448692
0.12468337730870713,-0.0864993342762801,0.0,0.019759137160825932,0.001379346566668077,-0.013599122994533766,-0.018305929569729207,-0.02221496682251213,-0.05084440379474983
0.12717678100263852,-0.08960314887994114,0.0,0.01948551709261115,0.0009005916954510987,-0.01404314656020448,-0.01902014702144185,-0.023290589836409782,-0.05239840718641413
0.1296701846965699,-0.09272474769060504,0.0,0.01931179593255532,0.00046950427486710383,-0.014588605926237862,-0.019509219109294304,-0.024081493205444615,-0.05388361969976062
0.13216358839050132,-0.09586428399709507,0.0,0.01932190254320735,-0.00046252156979233183,-0.015014853334133917,-0.020161782624135864,-0.025176720586440236,-0.05503317117658273
0.13465699208443271,-0.0990219128549831,0.0,0.018890295556417504,-0.0007243591023118057,-0.01568445493744436,-0.02081132278555458,-0.026580522160128434,-0.056431854401054575
0.13715039577836413,-0.10219779111211713,0.0,0.018541695170445766,-0.0009465836049981705,-0.016401324638633315,-0.02176191746716427,-0.02686121670663799,-0.05754554918749188
0.13964379947229552,-0.10539207743459186,0.0,0.018443451173965723,-0.0014581892057691712,-0.017060642739031025,-0.022220771806306452,-0.02753751314524145,-0.058914170495529876
0.1421372031662269,-0.108604932333173,0.0,0.01842019803463644,-0.0020844884126823768,-0.017938450934145533,-0.022871219060560458,-0.028312524247274505,-0.05998976473955466
0.14463060686015833,-0.11183651819018323,0.0,0.017940405007082307,-0.002702693463338443,-0.018518875251123668,-0.0239508087677884,-0.029293942558308854,-0.06082335859616988
0.14712401055408972,-0.11508699928685973,0.0,0.017689797678824625,-0.0032140955612411856,-0.019020452987459836,-0.025040309315513473,-0.03025948444123376,-0.061892833048352726
0.1496174142480211,-0.11835654183119357,0.0,0.01710680562905149,-0.003757735251346782,-0.01969649935192421,-0.025575943329283785,-0.030741409438272735,-0.06281773738794513
0.1521108179419525,-0.12164531398625963,0.0,0.017148230337374466,-0.004253821336016803,-0.02041771822523996,-0.026339166686484915,-0.0314855414778964,-0.06392769410370036
0.15460422163588391,-0.1249534858990482,0.0,0.016930748036135992,-0.004863892600741174,-0.02114649817324501,-0.02708243504930389,-0.03222613271326797,-0.0648663763605272
0.1570976253298153,-0.1282812297298082,0.0,0.016879405668962386,-0.005129839650128996,-0.02184976367701176,-0.027422010018418853,-0.03285208878507807,-0.06577149758235848
0.1595910290237467,-0.13162871968191303,0.0,0.01667014163026111,-0.0055077369668055445,-0.022572822657318026,-0.028353780278525684,-0.032859340535734825,-0.06670659708493004
0.1620844327176781,-0.13499613203225916,0.0,0.016668072926657715,-0.006068296500824764,-0.023262503089808206,-0.029096670710758013,-0.033171780689440114,-0.06752321073517328
0.1645778364116095,-0.13838364516220936,0.0,0.016535872604436324,-0.006557280738713346,-0.0234759976026004,-0.02980319133028958,-0.03379881308546992,-0.06854739314645958
0.1670712401055409,-0.1417914395890919,0.0,0.016518963538018745,-0.00706028186887845,-0.024311409428449456,-0.030651823485271693,-0.03429273679659719,-0.06970217103919496
0.1695646437994723,-0.14521969799826692,0.0,0.016242480129046687,-0.007799823016747913,-0.023557590518706144,-0.03177646577905213,-0.03519273366208055,-0.07090191710873969
0.1720580474934037,-0.14866860527577214,0.0,0.016214122338754335,-0.008207000033668282,-0.024297373235752567,-0.03234018148787766,-0.035641176227669796,-0.07150071773999316
0.1745514511873351,-0.15213834854156064,0.0,0.016259388944332036,-0.00872765198731134,-0.024675684086901628,-0.03302307636501977,-0.03642001104380048,-0.07261566735478672
0.1770448548812665,-0.15562911718334255,0.0,0.016261468545829418,-0.009113616476220637,-0.02537070188657338,-0.033558686375734746,-0.037329224778540296,-0.07377438550236984
0.1795382585751979,-0.15914110289104383,0.0,0.016193403080391983,-0.00963270702599281,-0.025933716969039164,-0.03416224281696759,-0.038239860199620286,-0.07500143191128333
0.18203166226912929,-0.16267449969189554,0.0,0.0160391689913966,-0.010055545265084564,-0.02665764703791816,-0.03467485490954001,-0.03870272486257908,-0.07586360807811307
0.18452506596306067,-0.1662295039861664,0.0,0.016226996459289385,-0.010582062540635359,-0.027460370615227943,-0.035244742345921044,-0.039483329307971944,-0.07675950923913794
0.1870184696569921,-0.1698063145835536,0.0,0.015916554832350938,-0.011203235212601775,-0.02825427093811589,-0.03598758259412514,-0.040317175173125226,-0.07813245818701965
0.18951187335092348,-0.17340513274024427,0.0,0.01581588547650713,-0.011819266732736776,-0.028665191756823596,-0.03644710985000636,-0.04109651956565333,-0.07886708654878503
0.19200527704485487,-0.17702616219666437,0.0,0.015786546742236045,-0.012184910130081689,-0.028978707130379394,-0.03691951422713316,-0.0420477079647335,-0.07989120975607798
0.1944986807387863,-0.18066960921592787,0.0,0.015701165616183926,-0.012517792505606098,-0.029986943665157376,-0.03769456096116754,-0.04293610117364155,-0.08057061874867248
0.19699208443271768,-0.18433568262300234,0.0,0.015703997336956557,-0.012891715890072812,-0.03054069696696471,-0.03843232846606041,-0.04378651621881176,-0.08141397862749167
0.19948548812664907,-0.18802459384460696,0.0,0.015569297144700785,-0.01333708228180553,-0.03088707230986458,-0.038901710981779185,-0.044960567232100825,-0.0822570095719922
0.2019788918205805,-0.19173655694985794,0.0,0.015637199832030647,-0.0140548548722709,-0.03143941984624447,-0.039323968555319076,-0.045311063043415284,-0.08355454583919061
0.20447229551451188,-0.1954717886916785,0.0,0.015482840598907626,-0.014652787977266081,-0.031861396864650254,-0.039871446568165485,-0.04601252921146047,-0.08417670129688776
0.20696569920844327,-0.1992305085489903,0.0,0.015358869330663445,-0.01516461070069472,-0.03232829869526681,-0.04069719789159144,-0.046643710166243385,-0.08462412073586945
0.20945910290237468,-0.20301293876970294,0.0,0.015095195789624326,-0.015718566004020114,-0.032574055350713685,-0.041273328262679376,-0.04654863252604029,-0.0855943111454411
0.21195250659630607,-0.2068193044145195,0.0,0.014780910445091871,-0.016383818253453156,-0.033213539835358845,-0.04210449907784065,-0.04702098397471882,-0.08643092849838378
0.21444591029023746,-0.21064983340157706,0.0,0.014601953654297367,-0.01692097389214693,-0.034025686497023463,-0.04225444643544639,-0.04759806539799666,-0.08742936640508465
0.21693931398416888,-0.2145047565519393,0.0,0.014621671078933609,-0.017441901208334776,-0.03467707887760725,-0.04302802266514619,-0.04777632831748654,-0.08815085141100164
0.21943271767810027,-0.218384307635961,0.0,0.014286751665095639,-0.01761319677264158,-0.03546187368655451,-0.04369771847498457,-0.04852419111629249,-0.08946081189620939
0.22192612137203166,-0.222288723420545,0.0,0.014258205420070258,-0.018170937756626343,-0.0362692960486569,-0.04449882314108144,-0.048956501857677075,-0.0906136033615707
0.22441952506596308,-0.22621824371730953,0.0,0.013927169085097418,-0.018190042077334996,-0.036956163012197354,-0.0453274162475731,-0.04969280661159129,-0.09157528539624793
0.22691292875989447,-0.23017311143168784,0.0,0.013723777427285092,-0.018764446987301182,-0.03722637731132673,-0.04627740051370465,-0.050197496339969054,-0.09209318584084333
0.22940633245382586,-0.2341535726129822,0.0,0.013474456470804834,-0.019089096621698956,-0.03802521769165363,-0.04676284778427669,-0.050754017146813574,-0.0927493283368021
0.23189973614775725,-0.23815987650539155,0.0,0.013406147517313484,-0.019371837105478636,-0.03866046359503027,-0.0474249969294024,-0.05064114478222208,-0.09348285233103895
0.23439313984168866,-0.2421922756000363,0.0,0.0133501802167105,-0.019972505867173695,-0.03938597996875347,-0.047985594109683796,-0.051045789778969564,-0.09371458369684607
0.23688654353562005,-0.24625102568800405,0.0,0.013070464707762339,-0.020342733299793872,-0.0403952766697401,-0.04874391906068258,-0.05122533005898397,-0.0944677752874073
0.23937994722955144,-0.2503363859144377,0.0,0.012791119341889798,-0.01983117168495689,-0.041018800255511405,-0.049214799573079976,-0.051946799345602826,-0.09278006500979703
0.24187335092348286,-0.25444861883369135,0.0,0.012731457774817694,-0.02035855067919022,-0.04117614932380338,-0.0492078000386969,-0.05238482332655361,-0.09360444543569138
0.24436675461741425,-0.2585879904655779,0.0,0.012678441638844476,-0.020696740768146725,-0.04146659067234557,-0.049576837222669985,-0.052904106019903564,-0.09429706519436434
0.24686015831134564,-0.2627547703527345,0.0,0.012662546003823015,-0.021250512549420814,-0.04194665830340112,-0.049999133188479504,-0.05356003260216316,-0.09504324510113304
0.24935356200527706,-0.26694923161913053,0.0,0.012685257431111922,-0.021763681080953806,-0.042484979853226926,-0.05037063322367379,-0.054353192725077534,-0.09528778135097626
0.25184696569920845,-0.27117165102974616,0.0,0.012634918381685237,-0.022043845080315747,-0.043014579274851465,-0.050575438620341556,-0.055028765805503796,-0.09576325120429566
0.2543403693931398,-0.2754223090514482,0.0,0.012546769941503836,-0.022545084669663915,-0.04376281455100074,-0.051064159038844203,-0.05572987032954935,-0.09659378495758439
0.2568337730870712,-0.279701489915091,0.0,0.01253960440015401,-0.022962849786020777,-0.044278059132874054,-0.051659165249193534,-0.05646535476920414,-0.09741070364901075
0.25932717678100264,-0.2840094816788719,0.0,0.01253127289503808,-0.02401237441692263,-0.04550832300686871,-0.05236380800761914,-0.057346519959800724,-0.09774194462908325
0.26182058047493406,-0.28834657629297117,0.0,0.01252439912422779,-0.02434478779689156,-0.04593187956291241,-0.05221437017315579,-0.05815072738480978,-0.09891311196956035
0.2643139841688654,-0.2927130696655053,0.0,0.012214364218032042,-0.024590580155574568,-0.04610383756867268,-0.052242035647527225,-0.05850841699272451,-0.099521355364324
0.26680738786279684,-0.29710926172982777,0.0,0.012209414600151486,-0.02521536081893535,-0.04676899250694749,-0.051969570850101086,-0.059493174194549935,-0.10019166375729358
0.26930079155672826,-0.30153545651320546,0.0,0.011899247992996138,-0.0259304306585769,-0.04736600249010271,-0.052688350404027674,-0.059992491445850844,-0.10072047183714783
0.2717941952506596,-0.30599196220690794,0.0,0.011742373557633334,-0.02632538265041174,-0.04786082924908656,-0.053037539654521744,-0.060647944243557635,-0.10118652107536943
0.27428759894459104,-0.3104790912377412,0.0,0.011585961170984456,-0.026743470256800565,-0.04872637116004626,-0.053274021522528414,-0.0615354666017367,-0.10191183091436427
0.27678100263852246,-0.31499716034106,0.0,0.01138713046617993,-0.02717176674209111,-0.04922155897194046,-0.05410903472691117,-0.061706614581996166,-0.10272133027841741
0.2792744063324538,-0.3195464906352969,0.0,0.010963584617061775,-0.027708881314899937,-0.049777954471793354,-0.054621468342584904,-0.062119314964607375,-0.10338755894739655
0.28176781002638523,-0.32412740769804393,0.0,0.011027312491471479,-0.02799878267844695,-0.049930116146288096,-0.054966658928048646,-0.06256328106821447,-0.10434513302154151
0.28426121372031665,-0.32874024164372306,0.0,0.010829922853518529,-0.028684248276392654,-0.050197332759807575,-0.05581201792227285,-0.06350810378484462,-0.10536131689995384
0.286754617414248,-0.33338532720288744,0.0,0.011104408155999251,-0.028646626824339806,-0.050742589853829956,-0.05586683524906451,-0.06438390862750909,-0.10571469058568167
0.28924802110817943,-0.3380630038031909,0.0,0.011001434126384078,-0.028273765262942237,-0.05150635269109292,-0.05683529178076066,-0.06503076767880561,-0.10636381883208659
0.2917414248021108,-0.3427736156520677,0.0,0.010966001434741815,-0.028201659456026762,-0.051578752843305035,-0.05755372396086457,-0.06442487019620854,-0.10681237194889226
0.2942348284960422,-0.3475175118211658,0.0,0.010977827088952244,-0.028460434201888547,-0.05202660442334149,-0.05769924162103386,-0.06412787072423629,-0.10742720887334367
0.29672823218997363,-0.35229504633257497,0.0,0.010973828099499209,-0.029117940726013397,-0.05213316475482734,-0.05830783124897819,-0.06474496273224178,-0.10821486575464451
0.299221635883905,-0.3571065782468967,0.0,0.010942304732279556,-0.029300063474777746,-0.05301837702107568,-0.05887969974876651,-0.0656714537133285,-0.10894273784893163
0.3017150395778364,-0.36195247175320056,0.0,0.010750881364162287,-0.02947388375147339,-0.053679843044309006,-0.05994224758171593,-0.06603316813568458,-0.10951214881456298
0.3042084432717678,-0.36683309626091476,0.0,0.010656874836819808,-0.029933269293425824,-0.05393039797647513,-0.06038912525780461,-0.06618383489197496,-0.10999491727250368
0.3067018469656992,-0.37174882649369967,0.0,0.010676667549842755,-0.030255320226163125,-0.054020336750062556,-0.06097584316648583,-0.06700863754405446,-0.11092364752771991
0.3091952506596306,-0.3767000425853543,0.0,0.010536008190179965,-0.030319211765969835,-0.05399443544180044,-0.06070444713798538,-0.0677677852790094,-0.11233115990721358
0.311688654353562,-0.3816871301778071,0.0,0.01045726779458804,-0.030003992089566438,-0.05435643002450666,-0.06152388801001482,-0.06852431448696726,-0.11273842464558091
0.3141820580474934,-0.38671048052124474,0.0,0.010377954851731831,-0.030593398166307247,-0.05470964950540201,-0.06215701896907044,-0.06913357933000275,-0.11302316631262845
0.3166754617414248,-0.39177049057643265,0.0,0.010186005720680782,-0.030717272073017964,-0.0550539978252787,-0.06252121249799103,-0.07014965513605612,-0.11433227045701719
0.3191688654353562,-0.39686756311928434,0.0,0.010039009176488544,-0.031042330862154875,-0.05542434726987139,-0.06365799223707547,-0.07047670088640212,-0.11469472238020795
0.3216622691292876,-0.40200210684773635,0.0,0.009735640838548481,-0.031374756940238925,-0.05601029304661616,-0.06436070093824481,-0.07121641628446396,-0.11540047428395517
0.324155672823219,-0.4071745364909896,0.0,0.009709548618139592,-0.03168893011393572,-0.056485628522105494,-0.06517321057024347,-0.07211455993044616,-0.1156103548511343
0.3266490765171504,-0.41238527292117766,0.0,0.009623058667479754,-0.03183571054210476,-0.05717279598251483,-0.06533445437543647,-0.0727994425936048,-0.11585459027749481
0.3291424802110818,-0.4176347432675248,0.0,0.009545123794893477,-0.031809483364097786,-0.057804262003065515,-0.06547397230116082,-0.0732557399726313,-0.11656669376940024
0.3316358839050132,-0.42292338103306043,0.0,0.009297240705183497,-0.03221873103825653,-0.058433750854508804,-0.06576294274385353,-0.07348134721389651,-0.11660102094968136
0.3341292875989446,-0.4282516262139542,0.0,0.009220019760532862,-0.032675488711393544,-0.05900501071606219,-0.06643173951824968,-0.07374641094706204,-0.11711229918267675
0.336622691292876,-0.4336199254215438,0.0,0.009255942606372318,-0.032503457457116476,-0.05996768476077841,-0.06664222518648982,-0.07456439891162706,-0.11794835901331895
0.3391160949868074,-0.43902873200712467,0.0,0.009236328161611719,-0.03260450146961922,-0.060646302728536106,-0.06683992480624779,-0.07485882157831096,-0.11854047234056281
0.3416094986807388,-0.4444785061895745,0.0,0.009163498107055338,-0.0331536556318887,-0.06056995847846125,-0.06690418416924131,-0.07526068776219956,-0.11883189791698578
0.34410290237467017,-0.44996971518589024,0.0,0.009145939031502796,-0.03370483706041546,-0.061117148970839676,-0.06683813125454573,-0.075770406894777,-0.11951490798745643
0.3465963060686016,-0.45550283334471214,0.0,0.009782947166477906,-0.034248270052079616,-0.0614867550030875,-0.06728175564057107,-0.07597569555030687,-0.11952621179614628
0.349089709762533,-0.4610783422829183,0.0,0.009722105345168734,-0.03424726248099835,-0.062313395368256475,-0.06801638867077811,-0.07562622649553498,-0.1196213289757833
0.35158311345646437,-0.4666967310253694,0.0,0.009602621526962393,-0.034796493322383715,-0.06230606550716736,-0.06826197759946889,-0.07578817485783648,-0.12019287547655734
0.3540765171503958,-0.4723584961478913,0.0,0.009596002877948089,-0.03502944023056397,-0.06271309290700378,-0.06892387643103567,-0.07585018751512093,-0.1209142200841144
0.3565699208443272,-0.4780641419235813,0.0,0.009428185551350032,-0.03539097739358061,-0.0631636800814099,-0.06945715412393007,-0.07633519581577969,-0.1212728677273037
0.35906332453825857,-0.4838141804725296,0.0,0.009423888324566905,-0.03575009632233434,-0.06379476801971734,-0.0702478477617306,-0.07743604813761304,-0.121726310368243
0.36155672823219,-0.48960913191504957,0.0,0.009371834623489728,-0.035408717518111595,-0.06467586942804587,-0.07115152318651695,-0.07834811936171542,-0.12211369020541776
0.36405013192612135,-0.4954495245285116,0.0,0.00914580411213483,-0.035915312195491836,-0.06525410837130063,-0.07173539712617061,-0.0788248827669033,-0.12258059634467709
0.36654353562005276,-0.5013358949078829,0.0,0.009209596352986179,-0.035934477092724654,-0.06595952402538464,-0.07237812257710004,-0.07963399619818942,-0.12339966313335571
0.3690369393139842,-0.507268788130071,0.0,0.009144584090742335,-0.036337291292761364,-0.06568210127047529,-0.0731092204922011,-0.0803122249671766,-0.12396169625140335
0.37153034300791554,-0.5132487579221819,0.0,0.009211545145238382,-0.036764236950681525,-0.06631122915276044,-0.07345574645961458,-0.08094696934555501,-0.12448146825371659
0.37402374670184696,-0.5192763668337985,0.0,0.00921387023396722,-0.03696154210972458,-0.06635977712898643,-0.07374386185421344,-0.08112654848959586,-0.12420821236274363
0.3765171503957784,-0.525352186413392,0.0,0.009172723518656533,-0.03728859662816851,-0.06724850825696393,-0.07370487189229291,-0.08210258328523198,-0.12496213380760049
0.37901055408970974,-0.5314767973889847,0.0,0.00888510390966369,-0.037270916577274216,-0.06766293022106347,-0.07358097885090206,-0.08243989850593436,-0.12506835306947023
0.38150395778364116,-0.5376507898531826,0.0,0.00889020683474543,-0.03772699422112655,-0.06751870011496482,-0.07392275916469268,-0.08260777207875403,-0.1257301751380116
0.3839973614775726,-0.5438747634526997,0.0,0.008602290308431291,-0.03832284173486289,-0.06739917785842875,-0.07397700783231917,-0.08364293243517076,-0.1259782767327404
0.38649076517150394,-0.5501493275825069,0.0,0.008537969926754228,-0.03870993336856146,-0.06829022693921714,-0.07455273628568496,-0.08343950478698767,-0.1265444274232556
0.38898416886543535,-0.5564751015847329,0.0,0.008503742883213594,-0.03828027703611865,-0.06867176579532332,-0.07479703255913298,-0.08328654900694885,-0.12645761081147153
0.39147757255936677,-0.5628527149524543,0.0,0.008103696940034443,-0.03843848742573716,-0.06904724830178396,-0.07517557145179071,-0.0834744201241069,-0.1270428254002207
0.39397097625329813,-0.569282807538518,0.0,0.008112144449152866,-0.03855698653487844,-0.06964071445187725,-0.07565913968253461,-0.08419914487956517,-0.12694952923413602
0.39646437994722955,-0.5757660297695398,0.0,0.00789747290194638,-0.0388486658950969,-0.07048397027944917,-0.07580270291359362,-0.08414604404061507,-0.12690314805874148
0.39895778364116097,-0.5823030428652277,0.0,0.007907924183681749,-0.03928594903792306,-0.07051045241289663,-0.07641840373099626,-0.08429891064166908,-0.1273886515108317
0.40145118733509233,-0.5888945190631893,0.0,0.007807338772483473,-0.03979829870380961,-0.07040922651317466,-0.0770667978522526,-0.08511546626882882,-0.12714765106307052
0.40394459102902375,-0.5955411418493816,0.0,0.00774390334822501,-0.039968534450272444,-0.07082003179581159,-0.0766499021501355,-0.08578134666687687,-0.12782114562839436
0.40643799472295516,-0.6022436061943658,0.0,0.007609281442852651,-0.04040238160971135,-0.07110905079275412,-0.07636319468398546,-0.08609696357991907,-0.12837172347747025
0.4089313984168865,-0.6090026187955472,0.0,0.007511835792756281,-0.04094816479970739,-0.07134522111756278,-0.07686590570865376,-0.08659911266707472,-0.1292975639667947
0.41142480211081794,-0.6158188983255684,0.0,0.007449190593823603,-0.04114677728580214,-0.07192612514052257,-0.0771720448345233,-0.08725268233915316,-0.1292452172594899
0.41391820580474936,-0.6226931756870435,0.0,0.007465152490095186,-0.041689883205569864,-0.07112509134220898,-0.0771537401938763,-0.08733689882196613,-0.1299156738311918
0.4164116094986807,-0.6296261942738245,0.0,0.007402251296365701,-0.04178520051511333,-0.07152568743282281,-0.0780004433252735,-0.08797813966237647,-0.1305765388844456
0.41890501319261214,-0.6366187102389925,0.0,0.007388314794380888,-0.04212940524992572,-0.07172630490654838,-0.0779619757864895,-0.08848690485939,-0.13119641251144298
0.42139841688654356,-0.6436714927697776,0.0,0.0073259890385415005,-0.042369414605004846,-0.0723869783169468,-0.07802074720627156,-0.08877407506344742,-0.1313184359147413
0.4238918205804749,-0.6507853243696192,0.0,0.007151066415963066,-0.042459167200501705,-0.07302043512430553,-0.07858881591612238,-0.08890557690422426,-0.13189358131239076
0.42638522427440634,-0.657961001147583,0.0,0.007254245912637719,-0.04245861093391316,-0.07347520532168407,-0.07915013296375364,-0.08880345817095153,-0.13309581018821107
0.42887862796833776,-0.6651993331153567,0.0,0.007191986193815111,-0.04253339235178698,-0.07375586496400822,-0.0781620278746748,-0.08957958214690467,-0.1328627786474283
0.4313720316622691,-0.672501144492063,0.0,0.007102131953014168,-0.042798033979876283,-0.07360214887263242,-0.07860993990446935,-0.0902986559084378,-0.1333401836815388
0.43386543535620054,-0.6798672740171255,0.0,0.006927583555036136,-0.04348649419975077,-0.07408379747154614,-0.07927308034853921,-0.09092930331570649,-0.13306027749242128
0.43635883905013195,-0.6872985752714378,0.0,0.0068645396419560745,-0.043917814073600375,-0.07369914094452837,-0.07935609216733126,-0.09160622604656929,-0.1339413464367476
0.4388522427440633,-0.6947959170070976,0.0,0.006752092312829938,-0.04417172042303126,-0.07369352325505973,-0.07928643361016215,-0.09266455863041467,-0.13431889376096895
0.44134564643799473,-0.7023601834859705,0.0,0.006778230006023036,-0.04415430983571067,-0.07318115476644849,-0.07955625767050267,-0.09246442769828367,-0.1353664925494893
0.44383905013192615,-0.7099922748273575,0.0,0.006805606822853082,-0.044483396131217136,-0.07186390042039074,-0.07957280551249234,-0.09280461044070315,-0.13570003581093903
0.4463324538258575,-0.7176931073650615,0.0,0.007014906920181485,-0.04469632409094256,-0.0726952451275335,-0.08027530911686487,-0.09315646011825535,-0.13565909985333002
0.44882585751978893,-0.7254636140141437,0.0,0.006731279632817229,-0.045170826354881455,-0.07341495718399316,-0.07988410801628072,-0.09320172948200503,-0.1368045652998405
0.4513192612137203,-0.7333047446476773,0.0,0.006763399383687141,-0.04555788298160231,-0.07328565690408673,-0.08052571101063516,-0.09376426986928918,-0.13583129219529955
0.4538126649076517,-0.7412174664838266,0.0,0.006777883648085508,-0.04594438108694347,-0.07267634808882538,-0.08065950959616137,-0.09369097473063329,-0.13638023541462085
0.4563060686015831,-0.7492027644835705,0.0,0.007001687940999546,-0.04642435939139111,-0.07232508945774065,-0.08164765820645645,-0.09376961656605395,-0.1365446665715073
0.4587994722955145,-0.7572616417594251,0.0,0.006945664168255888,-0.04643068297454413,-0.07225715547639183,-0.08205374464257692,-0.09385262149132961,-0.13642513328962738
0.4612928759894459,-0.7653951199955161,0.0,0.006777064410536503,-0.046444869649344106,-0.07321346452682986,-0.08223184105791381,-0.09448045784610942,-0.13712915826048847
0.4637862796833773,-0.7736042398793679,0.0,0.006816917743739881,-0.04653055263790694,-0.07370815313954462,-0.08254022885895461,-0.09423454406392573,-0.1363744437176438
0.4662796833773087,-0.7818900615458003,0.0,0.006858190452242022,-0.0468055028790125,-0.0744927813956308,-0.08302161721236707,-0.09320055712701288,-0.13638279773734951
0.4687730870712401,-0.7902536650333252,0.0,0.006689961828862268,-0.046794298661544026,-0.07457415832687497,-0.08231356123692372,-0.09293375448152966,-0.13658113246032533
0.4712664907651715,-0.7986961507534535,0.0,0.006521203420251173,-0.047359509109634254,-0.07514512433609684,-0.08328885298499841,-0.09351784191154458,-0.13744716740053
0.4737598944591029,-0.8072186399733484,0.0,0.00635190769580566,-0.04746824106550539,-0.07531266251746398,-0.08305855225166014,-0.09319209079512095,-0.13809678873665993
0.4762532981530343,-0.8158222753122646,0.0,0.006294124354893887,-0.04721567064503272,-0.07539062014864961,-0.0835222596185872,-0.093070281707156,-0.13741621100431634
0.4787467018469657,-0.8245082212522312,0.0,0.006441627084746162,-0.047773318940588366,-0.07615647514531669,-0.08398989275447705,-0.09322763080315306,-0.13816254109900075
0.4812401055408971,-0.8332776646634682,0.0,0.006048624590210615,-0.04813437268651193,-0.0759908861750827,-0.08370629366324871,-0.09391656643760321,-0.1385810019954773
0.4837335092348285,-0.842131815345026,0.0,0.005879187896995023,-0.047449521149947965,-0.0757127742931583,-0.08446888413031067,-0.09448494573488611,-0.13888933432233302
0.4862269129287599,-0.8510719065811656,0.0,0.005821251639426073,-0.047898979495250155,-0.07456124520142154,-0.08511210985710801,-0.09461449685410667,-0.1388509174708955
0.4887203166226913,-0.8600991957140214,0.0,0.005869863323834215,-0.047913960408572945,-0.07391604189127052,-0.08468995860108215,-0.09409118332991082,-0.13933899941830205
0.4912137203166227,-0.8692149647331043,0.0,0.005920049786644109,-0.048462335507876694,-0.07400205479389961,-0.08522642283924409,-0.09353360906470987,-0.13980655165402678
0.4937071240105541,-0.8784205208822188,0.0,0.005859776921003606,-0.04792397225632644,-0.07451386102727305,-0.08564008338467802,-0.09469014193061884,-0.14037752177852586
0.4962005277044855,-0.8877171972844061,0.0,0.0056907586459065415,-0.047804529967735626,-0.07458150027721493,-0.08582543125597639,-0.09475672199869693,-0.14137950267700566
0.4986939313984169,-0.8971063535855393,0.0,0.00552117374482324,-0.048232933162776735,-0.07463696672571617,-0.08644965225853629,-0.095700783321706,-0.1416045013994506
0.5011873350923483,-0.9065893766172151,0.0,0.005238956347236668,-0.048773142174103896,-0.07535791676303619,-0.08718315562810157,-0.095514344232901,-0.14046156138687255
0.5036807387862796,-0.9161676810796336,0.0,0.005068212532003862,-0.04874460594508313,-0.07562726543038757,-0.08757611522627878,-0.09485415837552508,-0.13904710110276652
0.5061741424802111,-0.925842710245162,0.0,0.005238652269038474,-0.04928323515360744,-0.07565609005360649,-0.08784799933402618,-0.09497208456602829,-0.1399997978704357
0.5086675461741424,-0.9356159366833203,0.0,0.005181074641854791,-0.04935705912348368,-0.0749822633243748,-0.08718318194510465,-0.09530790265918407,-0.1395581176662416
0.5111609498680739,-0.9454888630079589,0.0,0.005015969158559265,-0.05001347930384326,-0.07403471648353499,-0.08708199430407176,-0.09564083208832533,-0.13932227444133594
0.5136543535620053,-0.9554630226474137,0.0,0.004958382988848734,-0.050438782204298184,-0.07401040709487772,-0.08648744012081344,-0.09631044752854599,-0.13965392950389027
0.5161477572559366,-0.9655399806384801,0.0,0.004900203309154819,-0.050267319592028535,-0.07433175357164697,-0.08599414089892962,-0.09603523438726332,-0.14044350179426227
0.5186411609498681,-0.9757213344450602,0.0,0.0046173061497118435,-0.05056773934096887,-0.07429361165665474,-0.08596242446960813,-0.0963284025550224,-0.14170158994017104
0.5211345646437995,-0.9860087148023833,0.0,0.004557911588911934,-0.05062272262482639,-0.0750982102704346,-0.08603076569792968,-0.09625466582600689,-0.14114177232890576
0.5236279683377308,-0.9964037865877453,0.0,0.0044978952677757564,-0.05067124318632888,-0.07393811076451014,-0.08621009221059711,-0.09690394809013629,-0.14154561766325843
0.5261213720316623,-1.0069082497187336,0.0,0.004325189998392761,-0.05021555446188005,-0.07473515526809417,-0.085981572676569,-0.0961832859314838,-0.14254808484215636
0.5286147757255937,-1.0175238400799558,0.0,0.00415184313194585,-0.05023223358272451,-0.07537178517083319,-0.08626033970830471,-0.09617402865409683,-0.14331158324941132
0.531108179419525,-1.0282523304793454,0.0,0.004089901806439771,-0.050127498603239604,-0.07616112335678715,-0.08627749352972867,-0.09665569243007198,-0.14243611405535048
0.5336015831134565,-1.0390955316351345,0.0,0.003931387124160557,-0.05097430103147558,-0.07656949770213448,-0.0866501159979082,-0.0972748748572745,-0.14226305280913792
0.5360949868073879,-1.0500552931946565,0.0,0.0038694019050186865,-0.051503039787289075,-0.07394313109333478,-0.08573718557460742,-0.09657989322338292,-0.14363662237381547
0.5385883905013192,-1.0611335047861872,0.0,0.003806746766996597,-0.05203507083403685,-0.07404781669944818,-0.08559613401260872,-0.097069078925236,-0.14412212219203768
0.5410817941952507,-1.0723320971050683,0.0,0.0036313534172686193,-0.052174088284124266,-0.07463103532972545,-0.08632608707248983,-0.09742415449545219,-0.14497701809125157
0.5435751978891821,-1.0836530430354339,0.0,0.004101140510015643,-0.05228710663463475,-0.07514034265348465,-0.08600921150022892,-0.09826556161346917,-0.1447626054326213
0.5460686015831134,-1.0950983588089078,0.0,0.004581012765213306,-0.05228069191793555,-0.0756503209671252,-0.08526844423721835,-0.09910759498353973,-0.14412050255478306
0.5485620052770449,-1.1066701052016983,0.0,0.004302359329207447,-0.051585950274754266,-0.07640920456601231,-0.08479612867203132,-0.09822832639327968,-0.1449443737099354
0.5510554089709763,-1.118370388771581,0.0,0.004247214832589643,-0.052107699418329045,-0.0770085074036896,-0.08499135218707149,-0.09836875681053961,-0.1455165920649286
0.5535488126649076,-1.1302013631363406,0.0,0.004191454378413799,-0.05207701939267732,-0.07668693582485056,-0.085708867308136,-0.09866155528839476,-0.14619599439576045
0.5560422163588391,-1.1421652302952845,0.0,0.004023010215082492,-0.05274018305217275,-0.07632087445722172,-0.08421086967976554,-0.09883425700860066,-0.14633733955203587
0.5585356200527705,-1.1542642419955447,0.0,0.003965986476657795,-0.05312602465874357,-0.07596520467698004,-0.08465673192866484,-0.09956587788786248,-0.1462341690286909
0.5610290237467018,-1.1665007011449449,0.0,0.003908314935951301,-0.05308278408359349,-0.07673848827874619,-0.08177618015738114,-0.0997278562385196,-0.14731367957779726
0.5635224274406333,-1.1788769632732934,0.0,0.003849984491137593,-0.053320715349072706,-0.07650533001565385,-0.08171778449583872,-0.09999350043525747,-0.1459697245600296
0.5660158311345647,-1.191395438044045,0.0,0.0036789264118793023,-0.05355623012834712,-0.07669635024338686,-0.08190404771289594,-0.09948577329180089,-0.14597530355775623
0.568509234828496,-1.2040585908183845,0.0,0.003507186452080949,-0.05305108241591462,-0.0772891467519149,-0.08200303903077508,-0.09968966134080712,-0.14418853612128504
0.5710026385224274,-1.2168689442738452,0.0,0.003446810095509907,-0.05293869720784093,-0.07788232116328274,-0.08146036912728456,-0.09995577665649796,-0.14446972223417603
0.5734960422163589,-1.2298290800797087,0.0,0.0032736704277745946,-0.053606522663207756,-0.07885067214112348,-0.08168252546491592,-0.1003278893925615,-0.14477709348608123
0.5759894459102902,-1.2429416406315152,0.0,0.0033640920479848227,-0.05393627498698125,-0.07971044709427628,-0.07957509963832035,-0.10038939065613041,-0.14385712217698396
0.5784828496042216,-1.2562093308471378,0.0,0.00330312351747825,-0.05415124257181067,-0.08034965042911334,-0.07971903441735025,-0.10074593364410633,-0.14193796246243878
0.5809762532981531,-1.269634920026979,0.0,0.0032414293996493584,-0.05436343410344831,-0.08048304750670968,-0.07981070326645867,-0.10074200595074681,-0.14255922670717336
0.5834696569920844,-1.2832212437809805,0.0,0.0033359650058164218,-0.05479691447522033,-0.08096615666442071,-0.07973308546245653,-0.10123774827435617,-0.14180536740515384
0.5859630606860158,-1.2969712060252643,0.0,0.003274400428782985,-0.05321239896698125,-0.08148767631683551,-0.07968621764575425,-0.10104912894601625,-0.141969665272086
0.5884564643799473,-1.3108877810513515,0.0,0.003100032480293959,-0.05323605314066339,-0.08228553073669634,-0.08021930341012913,-0.1017380549426336,-0.1419594317464448
0.5909498680738786,-1.3249740156710603,0.0,0.003036962265194519,-0.05320333454062026,-0.08287866118536998,-0.08047538000554134,-0.10064914779294173,-0.14269092319807508
0.59344327176781,-1.339233031440338,0.0,0.0029731184335422814,-0.05294551443755821,-0.08304203700894655,-0.08034632938996002,-0.10116194736537504,-0.14221211909165432
0.5959366754617414,-1.3536680269654209,0.0,0.0025723145436567733,-0.052446567935979,-0.083351851020388,-0.080637434204892,-0.10107756547870732,-0.14187331302944078
0.5984300791556728,-1.3682822802949144,0.0,0.0022827654117855744,-0.05304429537886274,-0.08432651799399402,-0.07981338418068107,-0.10219234863316216,-0.14262840219975995
0.6009234828496042,-1.3830791514015501,0.0,0.0021611329463495244,-0.05274494260069418,-0.08508525621316457,-0.08030790773140309,-0.10162381321054557,-0.14225155676400525
0.6034168865435356,-1.3980620847575567,0.0,0.002095813218038904,-0.05322661864995233,-0.08401897167377775,-0.08062345917849903,-0.1018238672953222,-0.14236315413104964
0.605910290237467,-1.4132346120077968,0.0,0.0016934948143904954,-0.05313446140556798,-0.08441374367178942,-0.08064862793038734,-0.097705086600483,-0.14268609866762763
0.6084036939313984,-1.4286003547450359,0.0,0.0018626447430704855,-0.05355343546245035,-0.08463088294414972,-0.08083679914762855,-0.09847071037028302,-0.14079479879225232
0.6108970976253298,-1.4441630273919073,0.0,0.0021503283363865228,-0.053508113859592116,-0.08396109372859557,-0.07895433198896909,-0.0983706901983453,-0.13953426381200784
0.6133905013192612,-1.4599264401944003,0.0,0.002089035462287044,-0.052678092835126866,-0.08468763237625643,-0.0786352914688567,-0.09879118371359934,-0.14000066993522658
0.6158839050131926,-1.4758945023319445,0.0,0.0019148894768535561,-0.05296692948141281,-0.08451943166298315,-0.0784125280358958,-0.0984911803349978,-0.14119461503897085
0.618377308707124,-1.4920712251494075,0.0,0.001627874782774803,-0.05293453263246917,-0.08458695009898098,-0.07751688794140252,-0.09962669054703416,-0.14141943838380042
0.6208707124010554,-1.5084607255166296,0.0,0.0015641474925523063,-0.05241084548797231,-0.08464651306994966,-0.07780635755936437,-0.09579011155639447,-0.14140541704168597
0.6233641160949868,-1.5250672293214085,0.0,0.0016463904667180784,-0.051940278385228925,-0.08492207732240582,-0.07771982898103472,-0.0957832820996665,-0.1418632530615421
0.6258575197889182,-1.5418950751021478,0.0,0.0015849243162287512,-0.05126553709462574,-0.08488986135231283,-0.07780764569513189,-0.09205363075372731,-0.14294158665654308
0.6283509234828496,-1.5589487178267332,0.0,0.0019015465214274347,-0.051138083021534234,-0.085603010595104,-0.07792077378625488,-0.09315469744143237,-0.14289163568697227
0.630844327176781,-1.5762327328245622,0.0,0.001842487203065582,-0.05130488893080749,-0.08659066734999425,-0.07825859974464597,-0.09300356722245821,-0.1435124090946472
0.6333377308707124,-1.593751819878995,0.0,0.0016705672722992799,-0.05061061410601587,-0.08642888887387248,-0.07898203877506864,-0.09118632169311247,-0.14459804758502875
0.6358311345646438,-1.611510807487933,0.0,0.0016098849769464818,-0.050057137731550856,-0.08695316050506455,-0.0794330731532487,-0.08910530834012778,-0.14530111493595368
0.6383245382585752,-1.6295146573006347,0.0,0.001548365989722687,-0.0498213867188857,-0.08598048014918855,-0.07925626113165235,-0.08874927621523288,-0.14620237704692216
0.6408179419525066,-1.6477684687393268,0.0,0.0016859148302060386,-0.04974253392334686,-0.08657655727151681,-0.07849181493037859,-0.08820012562806212,-0.1463086854087158
0.643311345646438,-1.6662774838146577,0.0,0.001714896002120176,-0.049158927702159294,-0.08555944559729534,-0.07891206477396125,-0.0876024856420092,-0.1472328033232743
0.6458047493403694,-1.6850470921445506,0.0,0.001655183568408958,-0.04975741381732858,-0.08677791777900414,-0.07760357093058104,-0.08861674722153808,-0.14670730961332057
0.6482981530343008,-1.7040828361865379,0.0,0.0014825670941579026,-0.05056935435499789,-0.08757822810185227,-0.07809414917680811,-0.08902412928701316,-0.14698152769571188
0.6507915567282322,-1.723390416694254,0.0,0.0014211431901036626,-0.05076639284648081,-0.08787232723902655,-0.07816926784836466,-0.08849882405375231,-0.14599386635107156
0.6532849604221636,-1.7429756984093792,0.0,0.0012467784517811182,-0.051284627502120775,-0.08826006864984068,-0.07476008653228898,-0.08931576840863314,-0.14571491256847197
0.655778364116095,-1.7628447160009546,0.0,0.0011835684276297652,-0.051052999169301505,-0.08875899113113046,-0.07435433616854695,-0.08747810474854588,-0.14551386044746129
0.6582717678100264,-1.7830036802647147,0.0,0.0009991202049130198,-0.05092187186713704,-0.08957667343322526,-0.07469084442245509,-0.08796188009145522,-0.14464595294865634
0.6607651715039577,-1.8034589845958193,0.0,0.001154721730087056,-0.051103409092612594,-0.08986033905282347,-0.07360240652905504,-0.08746525541603083,-0.14516552923101603
0.6632585751978892,-1.8242172117491444,0.0,0.0010935746016749988,-0.05206025328258961,-0.0893640541018706,-0.0718259227666779,-0.08649819500924337,-0.14667102896545914
0.6657519788918206,-1.8452851409021513,0.0,0.0012547099833460163,-0.05179573444603323,-0.0897397693068804,-0.07166375088687024,-0.08650574468298909,-0.14819564630036586
0.668245382585752,-1.8666697550362625,0.0,0.0011942374089123336,-0.052647389869307594,-0.09067788084681523,-0.07193717971050972,-0.08593467720426927,-0.14883695435162175
0.6707387862796834,-1.8883782486536145,0.0,0.001132848950468072,-0.05328367165578648,-0.09059580471705239,-0.07186500034535834,-0.08625447273158036,-0.14958984971937977
0.6732321899736148,-1.9104180358471035,0.0,0.0010705236420382692,-0.05254273829041844,-0.09119644719358375,-0.07143348783005984,-0.08713934957121237,-0.15023020689657418
0.6757255936675461,-1.932796758742754,0.0,0.001007239872803485,-0.052478865924674815,-0.09040012050042687,-0.0708694959223516,-0.08652379245187367,-0.15180409635803505
0.6782189973614776,-1.955522296334587,0.0,0.0009429753621160815,-0.05297941310659353,-0.08981200695284053,-0.07122934220415233,-0.08599686020670162,-0.15269035277118426
0.680712401055409,-1.9786027737334477,0.0,0.0011166103790037612,-0.052663298457169716,-0.08858126568141125,-0.07133586649732153,-0.08676730859061588,-0.15297704799041062
0.6832058047493403,-2.0020465718526173,0.0,0.0008289623040171933,-0.053040833831920896,-0.0880472390170101,-0.07072427412739957,-0.08327333265226891,-0.1532523806813667
0.6856992084432718,-2.025862337554438,0.0,0.0010088926443703834,-0.05343582657100828,-0.08844626769927025,-0.07106841926706503,-0.08436159206058838,-0.15229372186712725
0.6881926121372032,-2.0500589942837704,0.0,0.0014640235381645078,-0.054192932311277794,-0.08737661243377426,-0.07141269192106876,-0.0834618820499307,-0.15030534982334903
0.6906860158311345,-2.0746457532157683,0.0,0.0014089807174141877,-0.05434613418598515,-0.08677027880960371,-0.07161893281921974,-0.08368932714073361,-0.1493914432939985
0.693179419525066,-2.0996321249471954,0.0,0.0013530432762810301,-0.053736870804618114,-0.08675608373197533,-0.07111388719892456,-0.0838841347284924,-0.14818766363040994
0.6956728232189974,-2.125027931762481,0.0,0.0012961892254396926,-0.053362762691668245,-0.0869831224924078,-0.07066914670923616,-0.08432543715199939,-0.14847722443115777
0.6981662269129287,-2.1508433205077537,0.0,0.0014975937272085765,-0.05401000829711407,-0.08594004641062879,-0.07072434583600207,-0.08439166712004213,-0.14990745850625023
0.7006596306068602,-2.177088776108282,0.0,0.0013298726091875383,-0.05440387946676298,-0.08643653404222998,-0.06972383610959715,-0.0848603228793204,-0.14978031026014893
0.7031530343007916,-2.203775135767162,0.0,0.0012025363243480316,-0.05422841309647656,-0.08651690284953918,-0.06853808140924104,-0.08358521881322432,-0.14777415839140656
0.7056464379947229,-2.2309136038856625,0.0,0.0014168085899349415,-0.054193260036266566,-0.08728108232074556,-0.06785051859782756,-0.08296146945988586,-0.14888081643660284
0.7081398416886544,-2.258515767748358,0.0,0.0013647719902173585,-0.05512341425621835,-0.08261679692971208,-0.067839487241506,-0.08204177540211444,-0.14992677851204464
0.7106332453825858,-2.28659361401919,0.0,0.0010877238700331459,-0.05601852008901488,-0.08289517507332315,-0.06870709925301761,-0.08048931849131193,-0.14272725270060624
0.7131266490765171,-2.315159546097811,0.0,0.0009218129661692376,-0.05697778610084556,-0.08261153509171079,-0.06812964623263057,-0.08139158097416789,-0.14207937052872013
0.7156200527704486,-2.344226402388983,0.0,0.0009248840063748555,-0.057389906177889985,-0.082873133586612,-0.06425853035455213,-0.0816257805235843,-0.14190239609397404
0.71811345646438,-2.3738074755415783,0.0,0.0008726021520931385,-0.05717305956770052,-0.08273192152755403,-0.06467536023925599,-0.08060027740427651,-0.1425628391339024
0.7206068601583113,-2.4039165327177687,0.0,0.000819387134107649,-0.05022605344830877,-0.08344523902518192,-0.0642225791935247,-0.08127457055538169,-0.1414909690159511
0.7231002638522427,-2.434567836957306,0.0,0.0006531563704186994,-0.05083270336541995,-0.08211896825254285,-0.06451132681204871,-0.08188845754918174,-0.14312330876866003
0.7255936675461742,-2.4657761697065825,0.0,0.0008943040375133599,-0.05174464710547186,-0.08186329862428027,-0.06509348170878876,-0.08083754266799988,-0.1438902872116678
0.7280870712401055,-2.4975568545872058,0.0,0.0011419293866854383,-0.050084921341062794,-0.08196248490289079,-0.06526804030198806,-0.07970657115398008,-0.143046692917302
0.7305804749340369,-2.5299257824844235,0.0,0.0010923481374025554,-0.049173268771195794,-0.08235907471139764,-0.06452801513348488,-0.07997764427416999,-0.1442937918481229
0.7330738786279684,-2.5628994380416605,0.0,0.0008177258470862857,-0.049687135459082335,-0.08306454258803808,-0.06468485155557656,-0.08074466198061965,-0.1427045305427981
0.7355672823218997,-2.5964949276540064,0.0,0.0005421510596901966,-0.049666417431628,-0.08253225691466223,-0.06506242072013511,-0.08109603963168074,-0.14269973159005364
0.7380606860158311,-2.630730009060534,0.0,0.0003776539480936482,-0.05027038814913275,-0.08292426230918215,-0.06552813816801122,-0.07608009932160559,-0.1432197641777833
0.7405540897097626,-2.6656231226429834,0.0,0.0001000915194095493,-0.0499242550047925,-0.08363719384906787,-0.06375952863743387,-0.07572246521389502,-0.1429807981548243
0.7430474934036939,-2.7011934245467426,0.0,0.000369650677175877,-0.04991100537688983,-0.07734269870700163,-0.06366930002165318,-0.07372679591947996,-0.14401379811335815
0.7455408970976253,-2.737460821749113,0.0,0.0006466886325765622,-0.050738379543482606,-0.07863750504049029,-0.06411090026828699,-0.07429659481299383,-0.1440711099080655
0.7480343007915567,-2.7744460092097447,0.0,0.0004866947607841737,-0.050353334810768854,-0.07973731977444005,-0.06333816116637206,-0.07320985896483279,-0.14510983945996175
0.7505277044854881,-2.8121705092489107,0.0,0.0006628629183366638,-0.050625873911218325,-0.08018039874173376,-0.06320853622374592,-0.0735462585400044,-0.14435952603819882
0.7530211081794195,-2.8506567133110887,0.0,0.0006175156765996798,-0.0508993907588874,-0.08051131634019768,-0.06249372853410853,-0.07308503280531828,-0.14629788918888703
0.755514511873351,-2.889927926284099,0.0,0.0012638078725662164,-0.05082763307254498,-0.08084212676139053,-0.06139977339885179,-0.07306131069347094,-0.14515793148038703
0.7580079155672823,-2.930008413558137,0.0,0.0012260272789297953,-0.05074746904771674,-0.07917885544380132,-0.06155445367671708,-0.07407856803493505,-0.146891485821758
0.7605013192612137,-2.970923451024396,0.0,0.001075402649783439,-0.051726113162910634,-0.07888092201058652,-0.060523487309406765,-0.07535610838235567,-0.14747460185127614
0.7629947229551451,-3.0126993782297196,0.0,0.0012847145509165877,-0.05236460082313049,-0.07531584086443298,-0.06017817777308161,-0.07557828528328965,-0.14672726351839818
0.7654881266490765,-3.0553636549221928,0.0,0.0011374680722218353,-0.05228273275557048,-0.07588684686487474,-0.06091331903248594,-0.07470071301168664,-0.14726164458669083
0.7679815303430079,-3.098944921242787,0.0,0.0011015226422413757,-0.053416667352675855,-0.07611950266736942,-0.06092003213224631,-0.07453164834860676,-0.14819148306872787
0.7704749340369393,-3.143473061840264,0.0,0.0013288955916920435,-0.05404460519813276,-0.07759043696012088,-0.06091958719604294,-0.07510148541265223,-0.14709895968402684
0.7729683377308707,-3.188979274210989,0.0,0.001184666982989393,-0.0543378568941715,-0.07859764335315042,-0.0609117483817936,-0.07491587915687012,-0.14862353251984545
0.7754617414248021,-3.2354961415920616,0.0,0.0011517812513661529,-0.052422704114283236,-0.07802590460981121,-0.06139532629895693,-0.07621336671967113,-0.14878440793413603
0.7779551451187335,-3.2830577107656653,0.0,0.0011181569536117494,-0.05240490795716139,-0.077979768074859,-0.06148961113434979,-0.07595951298058606,-0.14983106107620192
0.7804485488126649,-3.3316995751650587,0.0,0.0009717115530896081,-0.052662804240280095,-0.07712318758881027,-0.0591858469584739,-0.07614002924238226,-0.15009209147242986
0.7829419525065963,-3.3814589637085573,0.0,0.00093653347706027,-0.05332567459247088,-0.07773364074726198,-0.060329134429427375,-0.07642902675681888,-0.15085735298648797
0.7854353562005277,-3.432374835827405,0.0,0.0009005378092491368,-0.053703206814146615,-0.07682434144107658,-0.06067859916928724,-0.07671432347882531,-0.15274070397826278
0.7879287598944591,-3.4844879831973192,0.0,0.0007516383380514772,-0.05388948877439556,-0.07784484567451566,-0.061031011485967915,-0.0773000690817151,-0.15216241104247863
0.7904221635883905,-3.5378411387320217,0.0,0.0006018622262283046,-0.0546853384375328,-0.07880051406161323,-0.060963852545757855,-0.07789441952305515,-0.1439391280308324
0.7929155672823219,-3.5924790934507818,0.0,0.0005632351815349429,-0.05592401794779769,-0.07954158889802623,-0.061745104733988226,-0.07892674750179235,-0.1439141417076245
0.7954089709762533,-3.6484488218917273,0.0,0.0005236666213080461,-0.05707810095441552,-0.07942121976459685,-0.06145981305234574,-0.0803176787515982,-0.14409627303592645
0.7979023746701847,-3.705799616808988,0.0,0.0004831216973651257,-0.055718233852319624,-0.07784475552912687,-0.06103883410122027,-0.07929568601569331,-0.14580631991589352
0.8003957783641161,-3.7645832339654275,0.0,0.0004415638202661938,-0.056326271965985525,-0.07890535129134829,-0.06070539709192972,-0.08047526546413972,-0.14676686704174166
0.8028891820580475,-3.8248540479149256,0.0,0.0008553965334019173,-0.056254961431893576,-0.07964556000051719,-0.06023445693506366,-0.0755129446703725,-0.14762548318320398
0.8053825857519789,-3.8866692197598223,0.0,0.0011706470936546844,-0.05756151487956626,-0.0793566132323958,-0.060312875854042464,-0.07606404674421069,-0.14803088942927062
0.8078759894459103,-3.95008887797136,0.0,0.0010286994607241787,-0.059123187641460614,-0.07951973023866721,-0.060266729943469155,-0.0756812400398362,-0.1461883426290502
0.8103693931398417,-4.0151763134755045,0.0,0.0009980231626192443,-0.05905637182828675,-0.0807480879772152,-0.061532127240297704,-0.07671318058522045,-0.14713812921220812
0.812862796833773,-4.081998190334642,0.0,0.0008544720332129051,-0.05935051435795823,-0.07994418697537041,-0.0613710229507088,-0.07593472912766513,-0.1471248139816003
0.8153562005277045,-4.150624773499351,0.0,0.0007100703293724561,-0.06074825886732832,-0.08108274900595921,-0.05982406576048048,-0.07522915236459315,-0.14879854896109784
0.8178496042216359,-4.2211301752659445,0.0,0.0005647831213011207,-0.0610628765633371,-0.0825855862029852,-0.05910749284730327,-0.0759921861915514,-0.15139391029248475
0.8203430079155672,-4.293592622257078,0.0,0.00030651616670766737,-0.059781547203423824,-0.07940058965646422,-0.05858270281792118,-0.07460521211445366,-0.15024616087061188
0.8228364116094987,-4.368094744947272,0.0,4.728789447591567e-05,-0.05872894478753225,-0.07909873729055436,-0.05936145271082049,-0.07523892027192569,-0.14799996989329042
0.8253298153034301,-4.444723891986172,0.0,1.117188314616463e-05,-0.05910027746895232,-0.07918969315915128,-0.058682855289581975,-0.0741806270067072,-0.14799969124977488
0.8278232189973614,-4.523572471833338,0.0,-0.0002501049137265546,-0.059696743262931416,-0.07992437419507327,-0.06001139858145718,-0.07437710920036111,-0.14689589999663766
0.8303166226912929,-4.604738324513834,0.0,-0.00028835911553190194,-0.057876823106031774,-0.08199154894689073,-0.060070157568941546,-0.07401456596002626,-0.15000134866128126
0.8328100263852243,-4.688325126639068,0.0,-0.00032775433274657593,-0.055308983551112925,-0.0842224120193554,-0.06044468270476806,-0.07150048262570453,-0.15107540947495537
0.8353034300791556,-4.774442833218271,0.0,-0.00036834238816271965,-0.055481289470513284,-0.0860590215269359,-0.06036409706171994,-0.07239498741266452,-0.15170536170655227
0.8377968337730871,-4.863208160219351,0.0,-0.00041017829107356215,-0.05507321415909397,-0.08470348042272473,-0.060151750929497476,-0.0701782655541923,-0.14978785201463576
0.8402902374670185,-4.954745112332472,0.0,-0.00045332048601317383,-0.05545558903227675,-0.08504634432303981,-0.05980672148746139,-0.06763672350978875,-0.1497683172614711
0.8427836411609498,-5.049185560954678,0.0,-0.0004978311251658571,-0.056324519281672814,-0.08538231169894774,-0.06124218960013542,-0.06810525001723595,-0.14479850303309977
0.8452770448548813,-5.146669878060788,0.0,-0.0005437763671152433,-0.056714101740145545,-0.08326229741769672,-0.06272392365300314,-0.06685353596812375,-0.14612067463125028
0.8477704485488127,-5.247347632368222,0.0,-0.0007032840783282499,-0.0575016987777385,-0.08455998558704642,-0.06425419704827343,-0.06542306450919337,-0.1456029945257269
0.850263852242744,-5.351378355056995,0.0,-0.0001160065319082131,-0.057675485795864026,-0.08507277311886767,-0.06403856748223372,-0.06414667569707583,-0.14549391138483164
0.8527572559366755,-5.458932383289753,0.0,-0.00026608229631652314,-0.05840785518472532,-0.08512813214966908,-0.06574739727900082,-0.06387054420586576,-0.14229902895122376
0.8552506596306069,-5.570191790912952,0.0,-0.0003054104715103018,-0.058028112143326246,-0.0866100548840102,-0.06574908168512719,-0.06345740014147908,-0.14381422055865117
0.8577440633245382,-5.685351417035787,0.0,-0.000570232049693241,-0.0589706629785176,-0.0880240129296937,-0.06426388001466356,-0.06470547938628597,-0.14468722722192526
0.8602374670184697,-5.804620004709924,0.0,-0.0006123913242334098,-0.05993884802566207,-0.08396672439691051,-0.06327535261580455,-0.062197363645617953,-0.14614504865494346
0.8627308707124011,-5.928221463709458,0.0,-0.0007681395632853306,-0.059749626888255594,-0.08217440198194548,-0.06093406417069683,-0.06098225799538244,-0.14645510995623034
0.8652242744063324,-6.056396273482467,0.0,-0.0009255043985809685,-0.061462547916154034,-0.08005433159224663,-0.05869709128191878,-0.059210343887143024,-0.1485654374695286
0.8677176781002639,-6.1894030447688175,0.0,-0.0009725198709338672,-0.06238871094660288,-0.08076496909710885,-0.0598967391360226,-0.05870010451833839,-0.14972500067835678
0.8702110817941953,-6.32752026122148,0.0,-0.00027001749270499464,-0.06420953557902477,-0.0822413187770069,-0.05939849497311399,-0.05728965676045164,-0.1504464435008045
0.8727044854881266,-6.471048225712187,0.0,-0.0004158978811598629,-0.06555318018337876,-0.08365466744219179,-0.058863172663027145,-0.05591845261274963,-0.15228299739502893
0.8751978891820581,-6.620311239946822,0.0,-0.0005631297600692915,-0.0665964314109374,-0.08377248136246608,-0.05918643030220905,-0.054806242614400424,-0.15225825220821737
0.8776912928759895,-6.775660050684598,0.0,-0.0007117957844961331,-0.06457319738473007,-0.08007573246070644,-0.061000789949487044,-0.055688344597248814,-0.15151758390620668
0.8801846965699208,-6.937474601398028,0.0,-0.000749928116465835,-0.06479529454777827,-0.08159533770257556,-0.06086464959775325,-0.055175560170885866,-0.15505352349740212
0.8826781002638523,-7.106167134813554,0.0,-0.0009017386495948683,-0.06670344621596379,-0.07990978505699746,-0.04770239416443811,-0.05208319105125672,-0.15765352238171207
0.8851715039577837,-7.282185699666465,0.0,-0.0009432182218472332,-0.06535128338650567,-0.07875666164605691,-0.0458524764679516,-0.053883529543596924,-0.1578724630540249
0.887664907651715,-7.466018124474092,0.0,-0.000986539165598294,-0.06756816154580479,-0.07421468376659113,-0.047661560675613175,-0.04269589905545437,-0.15994929979604633
0.8901583113456464,-7.658196532536255,0.0,-0.0010318268781144163,-0.06715116833068586,-0.07282396855265798,-0.046589057536925604,-0.042597117915581004,-0.15573310070908108
0.8926517150395779,-7.859302486161597,0.0,-0.001191275780563542,-0.06926009137447699,-0.07227963615244916,-0.046489776957765024,-0.03930076694782046,-0.15591241803919623
0.8951451187335092,-8.069972864858691,0.0,-0.0012409212097368887,-0.07062473762107213,-0.0733224046846862,-0.04540782454849393,-0.04061637082091414,-0.1528515584377792
0.8976385224274406,-8.290906602641687,0.0,-0.0014050426193517166,-0.05949442093214977,-0.07218285683651646,-0.04315114403660377,-0.03938424567204929,-0.15069262981656778
0.900131926121372,-8.522872434596685,0.0,-0.0014597064185634515,-0.060843156980389834,-0.07026781860264901,-0.04299790924921856,-0.040637302996624367,-0.15253317756815668
0.9026253298153034,-8.76671783361291,0.0,-0.00047844141234860396,-0.06223801028614118,-0.06992712581536503,-0.04269607580877913,-0.040752098240536785,-0.15236183421508612
0.9051187335092348,-9.023379356214802,0.0,-0.0005086831376463408,-0.058113651853820295,-0.05765657244540347,-0.043311732893114435,-0.03952683618283971,-0.14882129105051722
0.9076121372031662,-9.29389466370083,0.0,-0.0005405572165300487,-0.059228554350114294,-0.05673015336386859,-0.04504936828955869,-0.0354250752366934,-0.1486739082750794
0.9101055408970976,-9.579416543865115,0.0,-0.0006862568522080663,-0.05607904179138133,-0.054468500728257804,-0.04336166462987781,-0.0328715223239206,-0.1438124003669509
0.912598944591029,-9.88122933281462,0.0,-0.0007218186277411764,-0.05620882420100974,-0.0561098754260294,-0.045628916722342934,-0.03328230846646311,-0.1431649230821274
0.9150923482849604,-10.20076823025123,0.0,-0.0009835837689108138,-0.05608920741938207,-0.05613907260231348,-0.04754819302784456,-0.0333547233610582,-0.14737619993319742
0.9175857519788918,-10.539642121001583,0.0,-0.0010235123527154977,-0.05616612603363822,-0.05125768302447208,-0.044698371399356396,-0.0335367969005221,-0.1437541297276749
0.9200791556728232,-10.899660668520445,0.0,-0.0010659323536014247,-0.051052695599493214,-0.050937863613043394,-0.04549891908473576,-0.03113615300119165,-0.14534096591162157
0.9225725593667546,-11.282866643362912,0.0,-0.0011110844656365922,-0.05077371329915774,-0.04934543524962582,-0.04610526068986103,-0.03266967899696184,-0.14844839201392365
0.925065963060686,-11.691574705967762,0.0,-0.0011592414189304358,-0.04629626706902101,-0.050705172315831326,-0.04708066868264719,-0.03163569043124727,-0.1466475906086451
0.9275593667546174,-12.128418198852096,0.0,-0.0013227708664053251,-0.0458731377476741,-0.04878662945542847,-0.049303081094110926,-0.03324955117869007,-0.14021371183896444
0.9300527704485488,-12.596405946793084,0.0,-0.0013779125829059718,-0.04594018376563839,-0.04680341865023578,-0.04582812639226322,-0.031982552358395595,-0.14032296870965877
0.9325461741424802,-13.09899165458574,0.0,-0.0014371308823984492,-0.042158622570515926,-0.04893527743196497,-0.04691824471121195,-0.0335750672190827,-0.11760100263844377
0.9350395778364116,-13.640159287143957,0.0,-0.0015008951845733305,-0.041036939426390015,-0.04650399200979037,-0.04932581696288284,-0.032391499151058406,-0.11989164934981225
0.937532981530343,-14.22452889754951,0.0,-0.0015697498576504546,-0.0366683201144287,-0.04709438899030984,-0.047095335620707945,-0.03229334940080664,-0.12445941487828469
0.9400263852242744,-14.857488853914846,0.0,0.00011205737337516809,-0.03770999295413997,-0.040811068606325725,-0.04966853103580057,-0.02724473152867554,-0.12384849093769884
0.9425197889182058,-15.545362481041277,0.0,0.00011205737337516809,-0.038316034610271256,-0.03587379083741549,-0.050841924570084907,-0.025364933598354872,-0.12377913530286137
0.9450131926121372,-16.295620040762223,0.0,0.00011205737337516809,-0.03508471193297036,-0.03824318127656795,-0.054343094297677766,-0.025413794972430893,-0.11325967801464455
0.9475065963060686,-17.117151125885123,0.0,0.00011205737337516809,-0.03552781979890164,-0.034961928655247304,-0.05148480103240352,-0.026977833761717862,-0.1013783817304407
0.95,-18.020618556701013,0.0,0.00011205737337516809,-0.035970416853428916,-0.03518601523980274,-0.0552442850739578,-0.024540564769161784,-0.1035410129986552
