,permutation_heldout,MDI
MagpieData mean Electronegativity,0.20412743141992706,0.02396461
MagpieData range Electronegativity,0.1689705440074532,0.024810204
MagpieData maximum Electronegativity,0.08556903421983308,0.39525935
MagpieData minimum MeltingT,0.06418439678976769,0.096035436
MagpieData mean CovalentRadius,0.06035340314249935,0.019654782
MagpieData mean NdValence,0.05730029541988232,0.026654968
MagpieData range CovalentRadius,0.04912235701391178,0.039745443
MagpieData avg_dev Electronegativity,0.04514618681491841,0.026017068
MagpieData mean MeltingT,0.03736285170150695,0.02204956
MagpieData mode Electronegativity,0.030248428280908367,0.05334542
MagpieData mean Row,0.028155263116242658,0.015433869
MagpieData mode Number,0.024876281030073666,0.017329343
MagpieData mean AtomicWeight,0.023492186876372435,0.037143685
MagpieData mean SpaceGroupNumber,0.016136969796818244,0.021304725
MagpieData minimum Number,0.013151122576719677,0.010157768
MagpieData mean Number,0.005690765425861421,0.025739325
MagpieData mode MeltingT,0.003422791345030196,0.0118144015
MagpieData maximum NpValence,0.0034177139875351203,0.029999526
MagpieData mode CovalentRadius,0.001710647955400413,0.009491254
MagpieData avg_dev Number,0.0,0.0
MagpieData maximum Number,0.0,0.0
MagpieData range Number,0.0,0.0
MagpieData range MeltingT,0.0,0.0
MagpieData maximum MeltingT,0.0,0.0
MagpieData minimum Column,0.0,0.0
MagpieData avg_dev MeltingT,0.0,0.0
MagpieData range Column,0.0,0.0
MagpieData mean Column,0.0,0.0
MagpieData avg_dev MendeleevNumber,0.0,0.0
MagpieData minimum MendeleevNumber,0.0,0.0
MagpieData maximum AtomicWeight,0.0,0.0
MagpieData minimum AtomicWeight,0.0,0.0
MagpieData mode MendeleevNumber,0.0,0.0
MagpieData range AtomicWeight,0.0,0.0
MagpieData mode AtomicWeight,0.0,0.007192238
MagpieData avg_dev AtomicWeight,0.0,0.0
MagpieData range MendeleevNumber,0.0,0.0
MagpieData maximum MendeleevNumber,0.0,0.0
MagpieData mode NsValence,0.0,0.0
MagpieData maximum CovalentRadius,0.0,0.0
MagpieData mode Row,0.0,0.0
MagpieData avg_dev Row,0.0,0.0
MagpieData range Row,0.0,0.0
MagpieData maximum Row,0.0,0.0
MagpieData minimum Row,0.0,0.0
MagpieData mode Column,0.0,0.0
MagpieData maximum Column,0.0,0.0
MagpieData avg_dev Column,0.0,0.0
MagpieData minimum Electronegativity,0.0,0.0
MagpieData avg_dev CovalentRadius,0.0,0.0
MagpieData range NsValence,0.0,0.0
MagpieData mean NsValence,0.0,0.0
MagpieData minimum NsValence,0.0,0.0
MagpieData maximum NsValence,0.0,0.0
MagpieData maximum NdValence,0.0,0.0
MagpieData avg_dev NsValence,0.0,0.0
MagpieData range NpValence,0.0,0.0
MagpieData minimum NpValence,0.0,0.0
MagpieData avg_dev NpValence,0.0,0.0
MagpieData mode NpValence,0.0,0.0
MagpieData minimum NdValence,0.0,0.0015315171
MagpieData mean NpValence,0.0,0.0
MagpieData range NfValence,0.0,0.0
MagpieData range NdValence,0.0,0.0
MagpieData avg_dev NdValence,0.0,0.0
MagpieData minimum NfValence,0.0,0.0
MagpieData mean NfValence,0.0,0.0
MagpieData maximum NfValence,0.0,0.0
MagpieData avg_dev NfValence,0.0,0.0
MagpieData mean MendeleevNumber,0.0,0.0
MagpieData mode GSmagmom,0.0,0.0
MagpieData minimum NUnfilled,0.0,0.0
MagpieData minimum NValence,0.0,0.0
MagpieData mode NfValence,0.0,0.0
MagpieData range NValence,0.0,0.0
MagpieData avg_dev NValence,0.0,0.0
MagpieData mode NValence,0.0,0.0
MagpieData maximum NValence,0.0,0.0
MagpieData avg_dev NsUnfilled,0.0,0.0
MagpieData maximum NsUnfilled,0.0,0.0
MagpieData range NsUnfilled,0.0,0.0
MagpieData mean NsUnfilled,0.0,0.0
MagpieData minimum NpUnfilled,0.0,0.0
MagpieData mode NsUnfilled,0.0,0.0
MagpieData maximum NpUnfilled,0.0,0.0
MagpieData minimum NsUnfilled,0.0,0.0
MagpieData avg_dev NdUnfilled,0.0,0.0
MagpieData mean NpUnfilled,0.0,0.0
MagpieData avg_dev NpUnfilled,0.0,0.0
MagpieData mode NpUnfilled,0.0,0.0
MagpieData minimum NdUnfilled,0.0,0.0
MagpieData maximum NdUnfilled,0.0,0.0
MagpieData range NdUnfilled,0.0,0.0
MagpieData mean NdUnfilled,0.0,0.0
MagpieData range NfUnfilled,0.0,0.0
MagpieData mode NdUnfilled,0.0,0.0
MagpieData minimum NfUnfilled,0.0,0.0
MagpieData maximum NfUnfilled,0.0,0.0
MagpieData avg_dev NfUnfilled,0.0,0.0
MagpieData mean NfUnfilled,0.0,0.0
MagpieData mode NfUnfilled,0.0,0.0
MagpieData range NpUnfilled,0.0,0.0
Noise_1,0.0,0.0
MagpieData avg_dev GSbandgap,0.0,0.0
MagpieData range NUnfilled,0.0,0.0
MagpieData maximum NUnfilled,0.0,0.0
MagpieData avg_dev NUnfilled,0.0,0.0
MagpieData mode NUnfilled,0.0,0.0
MagpieData maximum GSvolume_pa,0.0,0.0
MagpieData mean NUnfilled,0.0,0.0
MagpieData minimum GSbandgap,0.0,0.0
MagpieData mean GSvolume_pa,0.0,0.0
MagpieData avg_dev GSvolume_pa,0.0,0.0
MagpieData mode GSvolume_pa,0.0,0.0
MagpieData range GSbandgap,0.0,0.0
MagpieData maximum GSbandgap,0.0,0.0
MagpieData mean GSbandgap,0.0,0.0
MagpieData range GSvolume_pa,0.0,0.0
Noise_2,0.0,0.0
MagpieData maximum SpaceGroupNumber,0.0,0.0
MagpieData minimum GSmagmom,0.0,0.0
MagpieData mode GSbandgap,0.0,0.0
MagpieData range GSmagmom,0.0,0.0
MagpieData mean GSmagmom,0.0,0.0
MagpieData avg_dev GSmagmom,0.0,0.0
MagpieData maximum GSmagmom,0.0,0.0
MagpieData mode SpaceGroupNumber,0.0,0.0
MagpieData avg_dev SpaceGroupNumber,0.0,0.0
MagpieData mode NdValence,-0.00019192467861668395,0.009887729
MagpieData mean NValence,-0.002273940240791317,0.016880022
MagpieData minimum SpaceGroupNumber,-0.002427408691333266,0.015534195
MagpieData minimum GSvolume_pa,-0.008019542498246768,0.015252107
MagpieData range SpaceGroupNumber,-0.013920452736663803,0.015799161
MagpieData minimum CovalentRadius,-0.023462322325469565,0.011972341
