Split,Strategy,Fold,F2,AvgPrecision,ROC-AUC,P@100,Precision,Recall,AP_shared_comp,AP_unique_comp
grouped,None,1,0.2699228791773779,0.40833191552901626,0.8918133376392701,0.38,0.5675675675675675,0.23863636363636365,0.18428668553335148,0.501713758140687
grouped,None,2,0.21865889212827988,0.45533326687126696,0.8893484356552539,0.44,0.6521739130434783,0.1875,0.5119822195148875,0.45323353658886456
grouped,None,3,0.29085872576177285,0.4253887583624422,0.8872529274170182,0.41,0.5675675675675675,0.25925925925925924,0.2767254712530536,0.4726332834364849
grouped,None,4,0.22332506203473945,0.39119359504521717,0.8889052403003428,0.37,0.5806451612903226,0.1935483870967742,0.27086167158963936,0.44601418750549876
grouped,None,5,0.35545023696682465,0.4724788574975898,0.8506959166743477,0.5,0.7142857142857143,0.3157894736842105,0.40776382315745124,0.5028581021407904
grouped,None,6,0.28,0.47681646467702105,0.887518601566235,0.45,0.7777777777777778,0.2413793103448276,0.1312715693763476,0.5728275127089134
grouped,None,7,0.2719033232628399,0.386323235890691,0.8955063541888886,0.38,0.6666666666666666,0.23684210526315788,0.25990169531814034,0.45395039972342033
grouped,None,8,0.3253012048192771,0.44678683226963134,0.8673763248560082,0.43,0.6923076923076923,0.2872340425531915,0.4166359169012369,0.4708189119976055
grouped,None,9,0.2661064425770308,0.40368437311336486,0.8900434449989121,0.35,0.5757575757575758,0.2345679012345679,0.3731425625353595,0.4292268091445252
grouped,None,10,0.2558139534883721,0.3722105920049494,0.8188749065837371,0.4,0.6470588235294118,0.2222222222222222,0.28742524856402024,0.391044961030418
grouped,None,11,0.3358208955223881,0.4867874064046201,0.8979767213462866,0.48,0.7105263157894737,0.2967032967032967,0.41311739874766407,0.521480982181132
grouped,None,12,0.3074866310160428,0.45746353477160656,0.8794773367747373,0.42,0.7666666666666667,0.26744186046511625,0.2003948884007175,0.5264207660926642
grouped,None,13,0.27710843373493976,0.3661184681386812,0.8676750188869303,0.36,0.6571428571428571,0.24210526315789474,0.1797911664322029,0.43725682722256315
grouped,None,14,0.2702702702702703,0.3810676814533012,0.8584721989616481,0.37,0.5882352941176471,0.23809523809523808,0.3210842273318075,0.4186032506640703
grouped,None,15,0.2564102564102564,0.4697309789680693,0.8859360249401743,0.43,0.6666666666666666,0.2222222222222222,0.4669457474651971,0.4954651193992654
grouped,ClassWeight,1,0.4675118858954041,0.39994749984162375,0.8863770924161688,0.42,0.2114695340501792,0.6704545454545454,0.1299730882864188,0.4945233021084859
grouped,ClassWeight,2,0.5443548387096774,0.4253928605237158,0.8886400531286895,0.38,0.3068181818181818,0.675,0.43241237884811656,0.4283608277336768
grouped,ClassWeight,3,0.45794392523364486,0.365078942492421,0.8707873108750804,0.37,0.23222748815165878,0.6049382716049383,0.21710749424174258,0.4068499737196853
grouped,ClassWeight,4,0.4723127035830619,0.39176206272665076,0.895465426575622,0.35,0.2396694214876033,0.6236559139784946,0.26668204553371344,0.4572760298587792
grouped,ClassWeight,5,0.47583081570996977,0.4646043330978194,0.8570375149783389,0.49,0.22340425531914893,0.6631578947368421,0.478082673682737,0.48067560492988165
grouped,ClassWeight,6,0.5172413793103449,0.48255806304671683,0.8892929048071161,0.45,0.25862068965517243,0.6896551724137931,0.17917157307920675,0.5721092909641693
grouped,ClassWeight,7,0.45293072824156305,0.374975505505687,0.8881578947368421,0.34,0.1969111969111969,0.6710526315789473,0.22622709549345527,0.4444490257797639
grouped,ClassWeight,8,0.541871921182266,0.45033095846877264,0.8606567077821319,0.46,0.2832618025751073,0.7021276595744681,0.4146290107789679,0.4675290735217416
grouped,ClassWeight,9,0.4107142857142857,0.3630289949804954,0.876006288646046,0.37,0.19491525423728814,0.5679012345679012,0.24901953254874012,0.40234251789798264
grouped,ClassWeight,10,0.4481132075471698,0.36671247574281574,0.8185675369446253,0.38,0.2375,0.5757575757575758,0.2815166619606369,0.39035519595881873
grouped,ClassWeight,11,0.5443886097152428,0.4588187363733002,0.8927011997664172,0.43,0.27896995708154504,0.7142857142857143,0.36223192732408915,0.5023497250709464
grouped,ClassWeight,12,0.46632124352331605,0.436166369791177,0.8775152097763965,0.43,0.2297872340425532,0.627906976744186,0.14811753917244116,0.5104894182323769
grouped,ClassWeight,13,0.4730831973898858,0.3571313777590362,0.865118987660539,0.35,0.24892703862660945,0.6105263157894737,0.19129747694928143,0.43073171980005576
grouped,ClassWeight,14,0.4390681003584229,0.32987846437838275,0.8619822196170379,0.36,0.22072072072072071,0.5833333333333334,0.23946368175634955,0.37279189473596136
grouped,ClassWeight,15,0.5477031802120141,0.46461031092840976,0.8900195393971327,0.41,0.256198347107438,0.7654320987654321,0.41222707356200217,0.4927040565628355
grouped,B-SMOTE,1,0.43795620437956206,0.39629388521701536,0.8628121804187523,0.39,0.18018018018018017,0.6818181818181818,0.14783164806529647,0.4654640567011914
grouped,B-SMOTE,2,0.45045045045045046,0.3813197195289975,0.8596886068476977,0.37,0.2127659574468085,0.625,0.286874632390429,0.4017420777289996
grouped,B-SMOTE,3,0.45694200351493847,0.349071778886744,0.8560177235048444,0.37,0.21224489795918366,0.6419753086419753,0.09698331430365983,0.4030949196397407
grouped,B-SMOTE,4,0.4891304347826087,0.35583733219432123,0.8715465819009497,0.34,0.23161764705882354,0.6774193548387096,0.2635736848635043,0.4022549220436857
grouped,B-SMOTE,5,0.4381084840055633,0.4228181788187021,0.8290963836912771,0.49,0.18584070796460178,0.6631578947368421,0.4211658369681794,0.4408607206067199
grouped,B-SMOTE,6,0.47368421052631576,0.4280906653633582,0.8636715619928759,0.45,0.24324324324324326,0.6206896551724138,0.13600003096095817,0.5086460351222694
grouped,B-SMOTE,7,0.43618739903069464,0.34277001650339584,0.8829274982476458,0.3,0.17142857142857143,0.7105263157894737,0.19369295988121857,0.4196358824318329
grouped,B-SMOTE,8,0.4836193447737909,0.38781149454103037,0.8509947926255161,0.41,0.2339622641509434,0.6595744680851063,0.45465669480409443,0.39125714336408507
grouped,B-SMOTE,9,0.43343653250773995,0.3162314219966837,0.8637658883063468,0.33,0.17391304347826086,0.691358024691358,0.2615588697592243,0.3466718647926996
grouped,B-SMOTE,10,0.4178470254957507,0.3498735525349175,0.7975217569489645,0.37,0.19032258064516128,0.5959595959595959,0.2306174053048031,0.39367102938064547
grouped,B-SMOTE,11,0.47904191616766467,0.4411308082366267,0.8658391729043903,0.43,0.21052631578947367,0.7032967032967034,0.3442206535152888,0.4786741773300862
grouped,B-SMOTE,12,0.5033003300330033,0.3819347399312316,0.8816567462930285,0.39,0.23282442748091603,0.7093023255813954,0.13981066089882782,0.4349943468023091
grouped,B-SMOTE,13,0.42071197411003236,0.33519570069325033,0.8506610425585495,0.35,0.2184873949579832,0.5473684210526316,0.21793675829821277,0.3841032458572919
grouped,B-SMOTE,14,0.4078303425774878,0.30799849982062555,0.8421432758331938,0.32,0.18050541516245489,0.5952380952380952,0.2759893706035321,0.3313320624678096
grouped,B-SMOTE,15,0.43300653594771243,0.4054620471408059,0.8625509524541337,0.37,0.1840277777777778,0.654320987654321,0.33403791648896775,0.4358396879395985
grouped,SMOTE,1,0.44959128065395093,0.36057296009821144,0.8650862532967329,0.37,0.17277486910994763,0.75,0.1274146519993225,0.4347942099578728
grouped,SMOTE,2,0.49222797927461137,0.3830589146989459,0.8708087367178277,0.36,0.22007722007722008,0.7125,0.29362364695147025,0.40194782827481246
grouped,SMOTE,3,0.4120443740095087,0.3383582188290806,0.8613637487898125,0.35,0.16938110749185667,0.6419753086419753,0.18904935993545985,0.3844314621375864
grouped,SMOTE,4,0.46827794561933533,0.3638845366084257,0.8716970148863251,0.32,0.21379310344827587,0.6666666666666666,0.2554511164821044,0.4116196702270317
grouped,SMOTE,5,0.4350736278447122,0.4262522135802913,0.8436845177742957,0.48,0.1771117166212534,0.6842105263157895,0.41644692681379164,0.4473698138155825
grouped,SMOTE,6,0.444947209653092,0.4366656981655964,0.8874142307873597,0.45,0.1873015873015873,0.6781609195402298,0.1330829021297361,0.5229328277724213
grouped,SMOTE,7,0.3937007874015748,0.3475394141527409,0.8712514856916466,0.31,0.1510574018126888,0.6578947368421053,0.15545322685869786,0.4393304529661469
grouped,SMOTE,8,0.5044510385756676,0.41465005504875274,0.8563238040133603,0.44,0.22818791946308725,0.723404255319149,0.41023129624681276,0.428521952860848
grouped,SMOTE,9,0.43410852713178294,0.3107087342000355,0.860898799121274,0.35,0.17445482866043613,0.691358024691358,0.28942910304358416,0.3392532512956369
grouped,SMOTE,10,0.4297407912687585,0.35253327966943016,0.8064143824883683,0.39,0.18694362017804153,0.6363636363636364,0.21842019303869578,0.39075534883854207
grouped,SMOTE,11,0.4792560801144492,0.43506769503831544,0.8646380793119923,0.43,0.2,0.7362637362637363,0.32782884880805363,0.46895473839874974
grouped,SMOTE,12,0.43884892086330934,0.3828042572057576,0.8747234586109722,0.4,0.1737891737891738,0.7093023255813954,0.1536221855316999,0.4478605199634336
grouped,SMOTE,13,0.4474431818181818,0.3461631199144283,0.8516494585746663,0.35,0.19444444444444445,0.6631578947368421,0.21905055717027538,0.3993786932084218
grouped,SMOTE,14,0.4166666666666667,0.28999474177565987,0.8419025288896332,0.3,0.17666666666666667,0.6309523809523809,0.2121765702462146,0.3222635313418467
grouped,SMOTE,15,0.43219076005961254,0.414607106771282,0.8676590045884651,0.37,0.16714697406340057,0.7160493827160493,0.316691821507808,0.4568489645121645
grouped,ADASYN,1,0.4304635761589404,0.374885165335126,0.8667447117713547,0.39,0.16129032258064516,0.7386363636363636,0.15190758947501132,0.44597514335009514
grouped,ADASYN,2,0.44764795144157815,0.3734425130154851,0.8674512987012988,0.36,0.17404129793510326,0.7375,0.2778032023318761,0.3901413446877199
grouped,ADASYN,3,0.41543026706231456,0.3023453747728262,0.8525691308557174,0.33,0.16,0.691358024691358,0.07619906376828572,0.35149271613295563
grouped,ADASYN,4,0.47075606276747506,0.345515635846547,0.8660950213222405,0.31,0.2006079027355623,0.7096774193548387,0.24061858080991383,0.38984339365643167
grouped,ADASYN,5,0.43209876543209874,0.43704909664027825,0.8521829968967954,0.48,0.16279069767441862,0.7368421052631579,0.4345591192165044,0.4619833524649085
grouped,ADASYN,6,0.44506258692628653,0.41831076843773896,0.8895353143580523,0.43,0.1725067385444744,0.735632183908046,0.13754927108933013,0.4973786604255549
grouped,ADASYN,7,0.3869047619047619,0.33773144871222516,0.8735562124767624,0.29,0.14130434782608695,0.6842105263157895,0.1919516080759943,0.4226106167337718
grouped,ADASYN,8,0.496551724137931,0.39855396570030405,0.8491472266785893,0.43,0.20630372492836677,0.7659574468085106,0.4220021147546173,0.40765361318674864
grouped,ADASYN,9,0.4136947218259629,0.33159285429267604,0.8708406151081913,0.36,0.15384615384615385,0.7160493827160493,0.29763822480675584,0.35830188131222585
grouped,ADASYN,10,0.4336399474375821,0.3432670322111148,0.8067820206841687,0.39,0.18082191780821918,0.6666666666666666,0.21533930398337747,0.37890676467656564
grouped,ADASYN,11,0.45839210155148097,0.42956269812061304,0.8591767531984924,0.44,0.18840579710144928,0.7142857142857143,0.3339512024936879,0.4740340627942623
grouped,ADASYN,12,0.4305555555555556,0.3885385169481238,0.8724814980642103,0.42,0.16489361702127658,0.7209302325581395,0.1291167976067842,0.45799304973242516
grouped,ADASYN,13,0.4699738903394256,0.3364216832361448,0.8499622261395114,0.33,0.18652849740932642,0.7578947368421053,0.17690969020350075,0.3926464476188659
grouped,ADASYN,14,0.42151162790697677,0.29428595309512384,0.8494075531736728,0.3,0.16477272727272727,0.6904761904761905,0.20866439811976942,0.3328683420496013
grouped,ADASYN,15,0.4294032023289665,0.38152457856233807,0.8730305092684069,0.37,0.162534435261708,0.7283950617283951,0.32820561092767675,0.4125686019972305
grouped,RUS,1,0.4294478527607362,0.3636826390693892,0.8665361429571021,0.38,0.1511879049676026,0.7954545454545454,0.20083752987592715,0.4097425795975262
grouped,RUS,2,0.4391371340523883,0.3839207615625125,0.8811725206611569,0.4,0.17325227963525835,0.7125,0.3485200451563508,0.40655946633472123
grouped,RUS,3,0.4219409282700422,0.31157150738326733,0.8629219755913133,0.36,0.15503875968992248,0.7407407407407407,0.16296789374984652,0.3471964105969493
grouped,RUS,4,0.4398447606727037,0.36211556040453846,0.8622458990660073,0.37,0.16957605985037408,0.7311827956989247,0.24429544332545783,0.422394665201907
grouped,RUS,5,0.41044776119402987,0.3777126500273014,0.8409592281930744,0.45,0.15566037735849056,0.6947368421052632,0.4437008982207908,0.3694589428174264
grouped,RUS,6,0.41832669322709165,0.4064312337810678,0.865338127655563,0.42,0.15555555555555556,0.7241379310344828,0.1053338856398215,0.4816920190525181
grouped,RUS,7,0.4050464807436919,0.3282447720238113,0.8846722335659647,0.29,0.1358574610244989,0.8026315789473685,0.3014676300537718,0.37122828658546103
grouped,RUS,8,0.47435897435897434,0.3796899317673109,0.8568695263393209,0.43,0.18316831683168316,0.7872340425531915,0.2964747875896759,0.42037056893155833
grouped,RUS,9,0.3652058432934927,0.32995558014280557,0.8560840544922409,0.36,0.1282051282051282,0.6790123456790124,0.3311148344189755,0.34982522748943584
grouped,RUS,10,0.43256997455470736,0.35075229076578673,0.8246064463248234,0.42,0.17435897435897435,0.6868686868686869,0.2830183181664124,0.3698841018536695
grouped,RUS,11,0.45121951219512196,0.39943434242611187,0.8799072304507087,0.45,0.16228070175438597,0.8131868131868132,0.3783945167479403,0.42148102516157887
grouped,RUS,12,0.4319371727748691,0.3712477950606017,0.86845518712634,0.35,0.15714285714285714,0.7674418604651163,0.23218726564893546,0.41774152490237604
grouped,RUS,13,0.4359673024523161,0.3284175081197858,0.8520933014354066,0.33,0.1807909604519774,0.6736842105263158,0.1734784244145264,0.3876059236969104
grouped,RUS,14,0.4027777777777778,0.3042791369649833,0.8525756433874838,0.34,0.15104166666666666,0.6904761904761905,0.32010343713738887,0.31891151219889585
grouped,RUS,15,0.42297979797979796,0.3847660890895826,0.8751051980650875,0.37,0.14316239316239315,0.8271604938271605,0.33106970913837985,0.4072394606468137
random,None,1,0.22911051212938005,0.4614710581129032,0.8892036608315395,0.44,0.7391304347826086,0.19540229885057472,0.5032489373221878,0.4586121097098571
random,None,2,0.2994791666666667,0.37684233991482896,0.861084033954754,0.37,0.6388888888888888,0.26436781609195403,0.4236965842471131,0.3635532156801779
random,None,3,0.34615384615384615,0.4938624968523798,0.9075674987946645,0.46,0.7105263157894737,0.3068181818181818,0.23019913485409385,0.5823679637535379
random,None,4,0.29411764705882354,0.45069790842296104,0.8866850591953715,0.45,0.5897435897435898,0.26136363636363635,0.508089612792818,0.4427094494736133
random,None,5,0.22606382978723405,0.43671198885159707,0.8905235066615189,0.45,0.6071428571428571,0.19540229885057472,0.3647625035963506,0.46662689018500103
random,None,6,0.3246753246753247,0.486935787386292,0.909237371891204,0.49,0.6756756756756757,0.28735632183908044,0.5012440831035652,0.49727454669765103
random,None,7,0.2770448548812665,0.5075971544269023,0.9146663417407904,0.44,0.6774193548387096,0.2413793103448276,0.28142412617384616,0.5669237487145331
random,None,8,0.2842377260981912,0.4057466183611697,0.8991870680880698,0.41,0.6285714285714286,0.25,0.3765979411269436,0.42195329780384966
random,None,9,0.24804177545691905,0.4175021987254753,0.8738381903894572,0.46,0.6129032258064516,0.2159090909090909,0.3531655326491749,0.45115286199339266
random,None,10,0.27631578947368424,0.4403875908448314,0.870610069155169,0.4,0.65625,0.2413793103448276,0.48740431875506224,0.45156313243311763
random,None,11,0.21164021164021163,0.3145080575687812,0.8345788825257572,0.35,0.5333333333333333,0.1839080459770115,0.24672314961551522,0.3502524625996008
random,None,12,0.3010471204188482,0.44741435809788865,0.8976077332358555,0.44,0.6764705882352942,0.26436781609195403,0.46231229417327696,0.45777767180094814
random,None,13,0.2879581151832461,0.43987181212674364,0.8802398617881824,0.44,0.7333333333333333,0.25,0.2973834208548563,0.5199268129456417
random,None,14,0.42606516290726815,0.5498048710711516,0.935179728933412,0.54,0.723404255319149,0.38636363636363635,0.7256389521095403,0.518507619054957
random,None,15,0.2894736842105263,0.46543586894984956,0.890841850730498,0.44,0.6875,0.25287356321839083,0.42418828584951707,0.47964574683037786
random,ClassWeight,1,0.528169014084507,0.4260126905165358,0.878095257436064,0.42,0.2727272727272727,0.6896551724137931,0.4823650447014026,0.4142901117035064
random,ClassWeight,2,0.45373665480427045,0.36953801046042034,0.8730250599082086,0.39,0.2383177570093458,0.5862068965517241,0.38331604880965203,0.3687000651435106
random,ClassWeight,3,0.5291005291005291,0.4722854323528045,0.9035831949429474,0.45,0.27906976744186046,0.6818181818181818,0.23603624447481408,0.5363264654012759
random,ClassWeight,4,0.4915254237288136,0.42316726582807546,0.8791851931215514,0.44,0.24369747899159663,0.6590909090909091,0.4059361295068634,0.4363217158515392
random,ClassWeight,5,0.5077452667814114,0.42058074232245946,0.8813931278320768,0.46,0.2532188841201717,0.6781609195402298,0.3698945705075747,0.44573985061996263
random,ClassWeight,6,0.5281090289608177,0.45521359412027357,0.8972963459377497,0.49,0.2594142259414226,0.7126436781609196,0.4802316721929649,0.461775570028785
random,ClassWeight,7,0.5657237936772047,0.47867500787393225,0.9156275807914653,0.46,0.26877470355731226,0.7816091954022989,0.3283851140850277,0.5293671479700592
random,ClassWeight,8,0.5102040816326531,0.4062405726368576,0.8988120747843789,0.41,0.2542372881355932,0.6818181818181818,0.3189256500367949,0.4331408976261191
random,ClassWeight,9,0.45698924731182794,0.3975679470465839,0.8697333529758399,0.42,0.24757281553398058,0.5795454545454546,0.33837074343194246,0.423835790774516
random,ClassWeight,10,0.4956521739130435,0.43105504286120633,0.8660719728527014,0.39,0.2511013215859031,0.6551724137931034,0.4249001284372066,0.44552844243797635
random,ClassWeight,11,0.4537521815008726,0.30506686816332496,0.8449122023205123,0.3,0.2311111111111111,0.5977011494252874,0.24083588444779386,0.3325358979605265
random,ClassWeight,12,0.4965753424657534,0.4323544360900931,0.8969375736160188,0.43,0.2457627118644068,0.6666666666666666,0.44134125220607695,0.44279628718599834
random,ClassWeight,13,0.5080213903743316,0.45736059025038056,0.88279115551508,0.45,0.2727272727272727,0.6477272727272727,0.30561025547713755,0.5153544381922947
random,ClassWeight,14,0.6132879045996593,0.5536592126241464,0.9354944554561526,0.53,0.30638297872340425,0.8181818181818182,0.6351966424380218,0.5285784659813023
random,ClassWeight,15,0.5062166962699822,0.4377620575316403,0.8833235120801415,0.43,0.2651162790697674,0.6551724137931034,0.43745978237012695,0.45421940430395147
random,B-SMOTE,1,0.44240400667779634,0.34402862890903274,0.8520131865751459,0.33,0.21115537848605578,0.6091954022988506,0.36885307872427747,0.35291315538520573
random,B-SMOTE,2,0.3964401294498382,0.3160601080858151,0.8306730027212541,0.33,0.1814814814814815,0.5632183908045977,0.2951379129740442,0.3404890513166867
random,B-SMOTE,3,0.5368589743589743,0.44542909345114623,0.9019091176943268,0.4,0.24632352941176472,0.7613636363636364,0.21123111319875093,0.5081748098020612
random,B-SMOTE,4,0.46021840873634945,0.3964941597322013,0.8477627631649434,0.4,0.2041522491349481,0.6704545454545454,0.31009891589863253,0.42853594667615
random,B-SMOTE,5,0.4702194357366771,0.3779213743734827,0.8664648229803777,0.39,0.20689655172413793,0.6896551724137931,0.3182819645424385,0.4114186582226056
random,B-SMOTE,6,0.4787234042553192,0.3874453448792586,0.8914747573209862,0.41,0.2032258064516129,0.7241379310344828,0.3447054034066732,0.4150584584529875
random,B-SMOTE,7,0.5110062893081762,0.46223102551479706,0.8864688680394786,0.47,0.22569444444444445,0.7471264367816092,0.1872530134482269,0.5129916355144656
random,B-SMOTE,8,0.44891640866873067,0.3619973027396298,0.8482281566400599,0.38,0.19727891156462585,0.6590909090909091,0.28204472963101335,0.38665292394348155
random,B-SMOTE,9,0.4452054794520548,0.37054260120086485,0.8695592489419832,0.39,0.22413793103448276,0.5909090909090909,0.2878587423646385,0.4028492825401876
random,B-SMOTE,10,0.45384615384615384,0.389096374042219,0.8459384038092915,0.31,0.19536423841059603,0.6781609195402298,0.2942519548276121,0.435040163589866
random,B-SMOTE,11,0.3987730061349693,0.24536910168157325,0.8044013917658368,0.29,0.17105263157894737,0.5977011494252874,0.16651827565457555,0.27899442270835045
random,B-SMOTE,12,0.46798029556650245,0.3602614622153034,0.8690887183028038,0.38,0.21839080459770116,0.6551724137931034,0.3723529234651793,0.37228468074321713
random,B-SMOTE,13,0.4493464052287582,0.38123592244056204,0.85246357207907,0.39,0.21153846153846154,0.625,0.2017931424546994,0.46541494171050213
random,B-SMOTE,14,0.5084745762711864,0.5102434013487883,0.899173675470081,0.5,0.2222222222222222,0.75,0.5337042205233957,0.5114714407805874
random,B-SMOTE,15,0.4715447154471545,0.3710163447093592,0.8705254031793768,0.37,0.21722846441947566,0.6666666666666666,0.23634187908699683,0.42233629739418455
random,SMOTE,1,0.4573643410852713,0.34891794343015314,0.8582747789827112,0.35,0.19865319865319866,0.6781609195402298,0.396299925748424,0.35240118057721165
random,SMOTE,2,0.3769230769230769,0.31337936250411275,0.8428983388164575,0.29,0.16225165562913907,0.5632183908045977,0.2581038385557871,0.3373503373555412
random,SMOTE,3,0.5057803468208093,0.4437490300240724,0.8990698826806665,0.41,0.20588235294117646,0.7954545454545454,0.18463727429133886,0.5160018720553705
random,SMOTE,4,0.47584187408491946,0.3884164700519733,0.8555271334440455,0.39,0.19637462235649547,0.7386363636363636,0.2833410712855476,0.4277043501222343
random,SMOTE,5,0.45112781954887216,0.35305442484611316,0.8662717845555713,0.41,0.1892744479495268,0.6896551724137931,0.29093395230950553,0.38548680664254886
random,SMOTE,6,0.46511627906976744,0.3702290970938193,0.8798721958219948,0.39,0.20202020202020202,0.6896551724137931,0.3271985886039115,0.4009475134139727
random,SMOTE,7,0.4845814977973568,0.43899529170882184,0.8910245995965504,0.46,0.1981981981981982,0.7586206896551724,0.2001408246192477,0.494589467107398
random,SMOTE,8,0.4442771084337349,0.35755703004560974,0.8541443456366851,0.39,0.1891025641025641,0.6704545454545454,0.28195569547661803,0.37986348115264384
random,SMOTE,9,0.420899854862119,0.3472892392292704,0.8578474045106338,0.37,0.17210682492581603,0.6590909090909091,0.28475692816609816,0.38191417718545856
random,SMOTE,10,0.4698972099853157,0.36350736407697615,0.8504494069995054,0.33,0.1921921921921922,0.735632183908046,0.24760951547272814,0.4088263995328119
random,SMOTE,11,0.4351145038167939,0.2636688326678073,0.8069398751743093,0.3,0.18566775244299674,0.6551724137931034,0.161506596939995,0.2940890237292679
random,SMOTE,12,0.45590433482810166,0.34023486537217634,0.864312984850331,0.37,0.19003115264797507,0.7011494252873564,0.35537622502667565,0.35280988137138874
random,SMOTE,13,0.45241809672386896,0.3908863978716085,0.8616542561739968,0.38,0.20069204152249134,0.6590909090909091,0.18880349511181754,0.4842676214899472
random,SMOTE,14,0.4992764109985528,0.5091489724793108,0.8992372904055285,0.47,0.20353982300884957,0.7840909090909091,0.5981458370370878,0.5016803447886559
random,SMOTE,15,0.4608294930875576,0.3605677819199055,0.8678364117882131,0.34,0.19801980198019803,0.6896551724137931,0.24196099342745192,0.4045110597465534
random,ADASYN,1,0.4512893982808023,0.36765553531127415,0.8641471372676441,0.37,0.18,0.7241379310344828,0.40661294052885216,0.3750704172204654
random,ADASYN,2,0.4219409282700422,0.31028217476435777,0.8478128426952602,0.27,0.1652892561983471,0.6896551724137931,0.25716620652879335,0.3340030536034839
random,ADASYN,3,0.4869684499314129,0.4002664585816382,0.8937262281030696,0.41,0.1883289124668435,0.8068181818181818,0.1646036988918359,0.4659163941182159
random,ADASYN,4,0.4628330995792426,0.37327307018389405,0.8570538918947876,0.39,0.18282548476454294,0.75,0.2501807053722485,0.4116587281420085
random,ADASYN,5,0.4381084840055633,0.3701961901558131,0.8691775208447633,0.38,0.16981132075471697,0.7241379310344828,0.31144611625008406,0.4100494208642065
random,ADASYN,6,0.460431654676259,0.3681408837088622,0.8774927907071199,0.39,0.1844380403458213,0.735632183908046,0.30267998601570456,0.40534695548418975
random,ADASYN,7,0.4659248956884562,0.42693690114017646,0.889254430499709,0.43,0.18059299191374664,0.7701149425287356,0.18364764601346384,0.4856362749364459
random,ADASYN,8,0.44935805991440797,0.35097230261021795,0.8542615310440884,0.35,0.18051575931232092,0.7159090909090909,0.2419695046603357,0.3808822338846889
random,ADASYN,9,0.4126547455295736,0.35133012675321684,0.8562369421974607,0.37,0.16,0.6818181818181818,0.2762247675320389,0.3867342728466487
random,ADASYN,10,0.4652777777777778,0.3617929623095312,0.8469510088797676,0.31,0.18010752688172044,0.7701149425287356,0.2551006125641573,0.411027489998291
random,ADASYN,11,0.39492242595204513,0.25085967229282097,0.8059244818109201,0.31,0.15512465373961218,0.6436781609195402,0.1813063710888309,0.28894761690890686
random,ADASYN,12,0.4607977991746905,0.3489448218830962,0.8742536858779091,0.37,0.17678100263852242,0.7701149425287356,0.35848076734260503,0.3617803602553877
random,ADASYN,13,0.41963015647226176,0.39306332794648347,0.8576766486312745,0.37,0.16809116809116809,0.6704545454545454,0.20327697827687247,0.4860802482902664
random,ADASYN,14,0.5079155672823219,0.489148902523768,0.9076746397385762,0.5,0.1896551724137931,0.875,0.5909421300739773,0.4715530189854484
random,ADASYN,15,0.4616477272727273,0.39254618099500677,0.8676907863098504,0.36,0.18258426966292135,0.7471264367816092,0.26767510172158504,0.43626170534837255
random,RUS,1,0.4272363150867824,0.39804032837176123,0.8659443835208427,0.4,0.1596009975062344,0.735632183908046,0.3895523889412336,0.401470983755715
random,RUS,2,0.4481792717086835,0.3041657328137114,0.8394561553145687,0.34,0.17486338797814208,0.735632183908046,0.31407855370077326,0.3094871435923944
random,RUS,3,0.44573643410852715,0.366682513663672,0.8803269138051106,0.41,0.16350710900473933,0.7840909090909091,0.2630320047944234,0.41141979050290794
random,RUS,4,0.46710526315789475,0.37053785088532754,0.8807621738897519,0.41,0.17401960784313725,0.8068181818181818,0.2726186471489667,0.398536682276709
random,RUS,5,0.4399441340782123,0.40065229969807065,0.8771801488766517,0.45,0.17119565217391305,0.7241379310344828,0.4115257682449096,0.4205963364058258
random,RUS,6,0.47182175622542594,0.41518445933560305,0.891576296657325,0.43,0.17349397590361446,0.8275862068965517,0.3817889043796212,0.4369155942370776
random,RUS,7,0.45,0.4431558335561183,0.8911024464210768,0.47,0.1592920353982301,0.8275862068965517,0.21271073886546485,0.49200840198064466
random,RUS,8,0.4849726775956284,0.3452339510078299,0.8802900841056409,0.39,0.1868421052631579,0.8068181818181818,0.3701422798523108,0.3525293508727333
random,RUS,9,0.42912873862158646,0.38158322796612126,0.8587145765254192,0.38,0.15827338129496402,0.75,0.3087808519316646,0.410455332386425
random,RUS,10,0.46089385474860334,0.33806522242598863,0.8555259789080121,0.3,0.1793478260869565,0.7586206896551724,0.2670460599792893,0.3768266441872463
random,RUS,11,0.3553299492385787,0.27591373810719894,0.8028275320525838,0.29,0.12727272727272726,0.6436781609195402,0.15713040082026217,0.31753903956080015
random,RUS,12,0.4071246819338422,0.3784672069225734,0.8669834693960441,0.37,0.1461187214611872,0.735632183908046,0.3984628397696291,0.37765575393132367
random,RUS,13,0.4300385109114249,0.3926100980161695,0.8545996946483099,0.39,0.15690866510538642,0.7613636363636364,0.21223172869407872,0.5013801242347733
random,RUS,14,0.49148099606815204,0.4747999712565046,0.9181242299244656,0.48,0.18248175182481752,0.8522727272727273,0.4882539645423025,0.47218151968683325
random,RUS,15,0.4454787234042553,0.34616923199558286,0.869543277860186,0.36,0.16584158415841585,0.7701149425287356,0.2794092933976008,0.3766303823573022
