Fold,Strategy,Calibration,F2,F2_tuned,Threshold,AvgPrecision,ROC-AUC,Brier,ECE,SpearmanVsRaw,nUniqueProb
1,None,raw,0.2926208651399491,0.5235602094240838,0.08,0.4160009015393531,0.8816405619247537,0.03650234152274268,0.014419886650445258,1.0,1475
1,None,sigmoid,0.25906735751295334,,,0.4160009015393531,0.8816405619247537,0.0379136507496475,0.009155109080876866,1.0,1475
1,None,isotonic,0.12362637362637363,,,0.39658295677179256,0.8802041283169171,0.03622291951382488,0.010567467189857764,0.9923648343181728,61
1,ClassWeight,raw,0.5,0.49327354260089684,0.19999999999999996,0.46569609616746505,0.8919882663221916,0.05312141787155373,0.06440888038748895,1.0,1478
1,ClassWeight,sigmoid,0.33163265306122447,,,0.46569609616746505,0.8919882663221916,0.034752531894953885,0.012511641409882543,1.0,1478
1,ClassWeight,isotonic,0.215633423180593,,,0.4437960684389119,0.8845100651272942,0.03506906484973067,0.013269097195465498,0.9842547097238441,55
1,B-SMOTE,raw,0.44935805991440797,0.44871794871794873,0.63,0.3795356594824912,0.8611402658915981,0.12022459527291485,0.2308661281710337,1.0,1200
1,B-SMOTE,sigmoid,0.0,,,0.3795356594824912,0.8611402658915981,0.0389540595299166,0.016598480559373265,1.0,1200
1,B-SMOTE,isotonic,0.22606382978723405,,,0.3732330927313071,0.8585466117659724,0.037287876410811924,0.010813145112921314,0.9926365102924656,59
1,SMOTE,raw,0.4416167664670659,0.4505169867060561,0.48999999999999994,0.38936239270145345,0.8700549006943323,0.10152776868019099,0.1805606263872607,1.0,1464
1,SMOTE,sigmoid,0.042134831460674156,,,0.38936239270145345,0.8700549006943323,0.038001706367518547,0.01514922567482113,1.0,1464
1,SMOTE,isotonic,0.2617801047120419,,,0.36512245605165,0.8679557564992734,0.03755397377327108,0.011071749810353719,0.9953665358487507,92
1,ADASYN,raw,0.4114713216957606,0.4449152542372881,0.5599999999999999,0.3686631971826659,0.8598283007696861,0.1436400769967793,0.2749399744816958,1.0,1186
1,ADASYN,sigmoid,0.0,,,0.3686631971826659,0.8598283007696861,0.039316868577319974,0.015303199850180398,1.0,1186
1,ADASYN,isotonic,0.20053475935828877,,,0.34356584037387167,0.8560673340868722,0.03814688610630996,0.008439029236892777,0.993077373036268,66
1,RUS,raw,0.4574742268041237,0.418848167539267,0.6799999999999999,0.36486263286458476,0.8608778728672157,0.14903879876210183,0.2915524310889912,1.0,1451
1,RUS,sigmoid,0.0,,,0.36486263286458476,0.8608778728672157,0.03913554472966376,0.009904012786839776,1.0,1451
1,RUS,isotonic,0.22486772486772486,,,0.3194994815473986,0.8586643522256311,0.03791053646930166,0.004998182771768322,0.9904002805667734,55
2,None,raw,0.23529411764705882,0.5273833671399595,0.09,0.4544989544511052,0.896439639905549,0.03222908936194972,0.009672788989214644,1.0,1477
2,None,sigmoid,0.23391812865497075,,,0.4544989544511052,0.896439639905549,0.033829214803084415,0.010223100768783881,1.0,1477
2,None,isotonic,0.24355300859598855,,,0.42812303885817654,0.8918904958677686,0.03344535061620569,0.011359164418979191,0.9734948530119785,48
2,ClassWeight,raw,0.3661616161616162,0.5405405405405406,0.09,0.39768652044573416,0.8886105371900826,0.04057095538341217,0.026869963864001034,1.0,1477
2,ClassWeight,sigmoid,0.3405994550408719,,,0.39768652044573416,0.8886105371900826,0.035752242805844235,0.008389621193170138,0.9999999999999998,1477
2,ClassWeight,isotonic,0.24495677233429394,,,0.37229817754213357,0.885112898465171,0.03448211597620429,0.019584620396135188,0.9841785190003385,69
2,B-SMOTE,raw,0.4319654427645788,0.48,0.37999999999999995,0.3885253211400119,0.8804788961038961,0.058328429991917556,0.08714602165041739,1.0,1471
2,B-SMOTE,sigmoid,0.19174041297935104,,,0.3885253211400119,0.8804788961038961,0.03548588175394065,0.008833681057053523,1.0,1471
2,B-SMOTE,isotonic,0.26011560693641617,,,0.3603723767554477,0.8798221664698938,0.03452463138017794,0.01160446535988859,0.9915608185664475,59
2,SMOTE,raw,0.4766949152542373,0.4725085910652921,0.32999999999999996,0.38082726439078035,0.8779847992916174,0.06357326463460392,0.11195600729145891,1.0,1470
2,SMOTE,sigmoid,0.17804154302670624,,,0.38082726439078035,0.8779847992916174,0.03491995024608065,0.012119301919157877,1.0,1470
2,SMOTE,isotonic,0.26988636363636365,,,0.3497869462703695,0.8790399940968123,0.03476307053547757,0.007330831318380774,0.9837770548555997,55
2,ADASYN,raw,0.5,0.5118110236220472,0.4499999999999999,0.3761993842983272,0.8733065230224321,0.0665356439826815,0.11814845755713096,1.0,1470
2,ADASYN,sigmoid,0.12048192771084337,,,0.3761993842983272,0.8733065230224321,0.03515861973429597,0.015415900022580753,1.0,1470
2,ADASYN,isotonic,0.2840909090909091,,,0.34510575756906925,0.8724173553719008,0.03449263997767551,0.013993253571788749,0.981294067841544,48
2,RUS,raw,0.4672897196261682,0.45880149812734083,0.6399999999999999,0.3775549624807696,0.8746568772136953,0.1270540918105902,0.24053484809993353,1.0,1477
2,RUS,sigmoid,0.0,,,0.3775549624807696,0.8746568772136953,0.03545533025886812,0.008320456372823979,0.9999999999999998,1477
2,RUS,isotonic,0.268361581920904,,,0.34808504989163924,0.8723804604486424,0.03437506233791723,0.005638430704832027,0.9467076626692417,48
3,None,raw,0.24216524216524216,0.487551867219917,0.09999999999999999,0.3852630944153636,0.8715575907905616,0.0336556904671031,0.008239175025903553,1.0,1414
3,None,sigmoid,0.268361581920904,,,0.3852630944153636,0.8715575907905616,0.03501070939564808,0.013473535240536847,1.0,1414
3,None,isotonic,0.254957507082153,,,0.3581457651922892,0.8663705682404403,0.033437842109722074,0.007048734601182533,0.9861621620190717,58
3,ClassWeight,raw,0.45794392523364486,0.4801670146137787,0.58,0.365078942492421,0.8707873108750804,0.08213870235102279,0.15724493658345362,1.0,1463
3,ClassWeight,sigmoid,0.10479041916167664,,,0.365078942492421,0.8707873108750804,0.03452358884152329,0.009905873277544577,1.0,1463
3,ClassWeight,isotonic,0.2017291066282421,,,0.33572739358750847,0.870730776569357,0.03399671085410809,0.012888947792816904,0.9797664974260282,59
3,B-SMOTE,raw,0.448943661971831,0.42168674698795183,0.62,0.3216956622445536,0.8545831654971132,0.10035074223234255,0.19271769072795267,1.0,1292
3,B-SMOTE,sigmoid,0.0,,,0.3216956622445536,0.8545831654971132,0.03564246078729308,0.009211862207058124,1.0,1292
3,B-SMOTE,isotonic,0.1744186046511628,,,0.2924164875754336,0.8568092037849716,0.03504585641919941,0.008066055789300499,0.9881445648277202,47
3,SMOTE,raw,0.4088050314465409,0.4219409282700422,0.62,0.31398131341986085,0.848661196972588,0.10742712067961083,0.21033249327330086,1.0,1292
3,SMOTE,sigmoid,0.0,,,0.31398131341986085,0.848661196972588,0.035703056056095125,0.006664884479337099,1.0,1292
3,SMOTE,isotonic,0.1873198847262248,,,0.288010609317961,0.8415767417866254,0.03611367234430443,0.006217580893142168,0.9832440105815846,58
3,ADASYN,raw,0.3993055555555556,0.40404040404040403,0.4799999999999999,0.3111101992409748,0.8585688340506124,0.09008039683144496,0.16700868470557603,1.0,1458
3,ADASYN,sigmoid,0.0,,,0.3111101992409748,0.8585688340506124,0.03600911483851065,0.01199739397554725,1.0,1458
3,ADASYN,isotonic,0.2023121387283237,,,0.29051566153566716,0.856844537726049,0.03597881340837916,0.010004354755792061,0.9925688964867491,64
3,RUS,raw,0.4401154401154401,0.46236559139784944,0.73,0.3173918680388397,0.8673811189552459,0.13511935769463884,0.2674432237769112,1.0,1368
3,RUS,sigmoid,0.0,,,0.3173918680388397,0.8673811189552459,0.035618714142810405,0.005961713836710367,1.0,1368
3,RUS,isotonic,0.03067484662576687,,,0.2979172839370064,0.868423470217021,0.03553049322575598,0.00760039419834492,0.9884718904960497,62
4,None,raw,0.22332506203473945,0.512,0.07,0.39119359504521717,0.8889052403003428,0.04091136673052612,0.015850461635547736,1.0,1465
4,None,sigmoid,0.23514851485148514,,,0.39119359504521717,0.8889052403003428,0.04271462450622901,0.014358170208439148,1.0,1465
4,None,isotonic,0.22443890274314215,,,0.38552242731629016,0.8902002720874864,0.04049283688714963,0.010110720410346814,0.9849501444842729,64
4,ClassWeight,raw,0.5083333333333333,0.4852686308492201,0.5499999999999999,0.39020709929383113,0.8973948931271748,0.08735399281704935,0.15216426253233004,1.0,1467
4,ClassWeight,sigmoid,0.20253164556962025,,,0.39020709929383113,0.8973948931271748,0.04111192760735688,0.01033178902797777,0.9999999999999999,1467
4,ClassWeight,isotonic,0.2857142857142857,,,0.36025601389840956,0.8962437537608247,0.04112885483606369,0.007483400646398762,0.9945972499412924,69
4,B-SMOTE,raw,0.5008210180623974,0.4203935599284436,0.6,0.34869997306710926,0.8752027575020276,0.09091456324873319,0.14832592094569078,1.0,1427
4,B-SMOTE,sigmoid,0.0,,,0.34869997306710926,0.8752027575020276,0.042987890118976586,0.006480734683547727,1.0,1427
4,B-SMOTE,isotonic,0.22443890274314215,,,0.33011190911240795,0.8764389242079376,0.0442696991890065,0.01653531216654367,0.9738430169499358,65
4,SMOTE,raw,0.5063291139240507,0.5,0.5499999999999999,0.358200115884456,0.8917471156110196,0.09604582471977004,0.17599823581302518,1.0,1448
4,SMOTE,sigmoid,0.07894736842105263,,,0.358200115884456,0.8917471156110196,0.04171433005072098,0.014212151630904918,1.0,1448
4,SMOTE,isotonic,0.20151133501259447,,,0.3489385888910925,0.8906613818904849,0.04189714327872822,0.011130836206661492,0.9898915128292263,61
4,ADASYN,raw,0.4954268292682927,0.4355400696864111,0.59,0.3402373020921391,0.8728873976401643,0.1097960025736019,0.19464672114925272,1.0,1426
4,ADASYN,sigmoid,0.0,,,0.3402373020921391,0.8728873976401643,0.04314444375873962,0.007783384589562441,0.9999999999999999,1426
4,ADASYN,isotonic,0.19851116625310175,,,0.3188193256759557,0.8696040342202339,0.043888471575295136,0.012928639026010217,0.9929059912505409,78
4,RUS,raw,0.453929539295393,0.44954128440366975,0.7,0.36772794003386466,0.8662127514847082,0.14304332946165055,0.26857799905415025,1.0,1445
4,RUS,sigmoid,0.0,,,0.36772794003386466,0.8662127514847082,0.04267682948672398,0.01078039238479193,1.0,1445
4,RUS,isotonic,0.22332506203473945,,,0.3096528628483935,0.8608658399393037,0.04273737381640849,0.012572628509995316,0.9904859577358442,65
5,None,raw,0.31476997578692495,0.47101449275362317,0.07,0.47871017106219566,0.8475804221587242,0.03548833641852253,0.011382657037306152,1.0,1430
5,None,sigmoid,0.34772182254196643,,,0.47871017106219566,0.8475804221587242,0.035375683243472796,0.014161922715329681,1.0,1430
5,None,isotonic,0.3588516746411483,,,0.476445847457524,0.8420806833195071,0.03584500219374208,0.014780125822315597,0.9944388305977445,77
5,ClassWeight,raw,0.47583081570996977,0.47583081570996977,0.49999999999999994,0.4646043330978194,0.8570375149783389,0.09126847117836052,0.15181955747075576,1.0,1472
5,ClassWeight,sigmoid,0.30413625304136255,,,0.4646043330978194,0.8570375149783389,0.03752413809687614,0.02098294494373603,0.9999999999999998,1472
5,ClassWeight,isotonic,0.2696078431372549,,,0.44916984655763287,0.8562909023873168,0.03789594101921681,0.016099625981420035,0.9913944509008308,48
5,B-SMOTE,raw,0.49206349206349204,0.46476761619190404,0.4499999999999999,0.42573382101245544,0.8494054751590008,0.0870769181860554,0.13588028527029783,1.0,1458
5,B-SMOTE,sigmoid,0.013089005235602094,,,0.42573382101245544,0.8494054751590008,0.039027336286694844,0.015413513262168492,1.0,1458
5,B-SMOTE,isotonic,0.23573200992555832,,,0.4139754667598276,0.8499738839217131,0.03788845567063517,0.014213952051982512,0.9730373552879005,69
5,SMOTE,raw,0.4552129221732746,0.4177545691906005,0.4099999999999999,0.44735034474425145,0.8424125111377392,0.09959811754565119,0.17521109135277502,1.0,1442
5,SMOTE,sigmoid,0.08951406649616368,,,0.44735034474425145,0.8424125111377392,0.03765948239532027,0.015968282254829883,1.0,1442
5,SMOTE,isotonic,0.21144278606965175,,,0.44146308641870485,0.8426245122438321,0.037214871332423675,0.021927502268741926,0.9927083149965281,65
5,ADASYN,raw,0.4601226993865031,0.456656346749226,0.5099999999999999,0.4207761667185004,0.8527667680585,0.09445154749967025,0.15918033048345717,1.0,1461
5,ADASYN,sigmoid,0.0,,,0.4207761667185004,0.8527667680585,0.03904820035627247,0.021576208260218107,1.0,1461
5,ADASYN,isotonic,0.35629453681710216,,,0.4030246038152886,0.8557562909023873,0.03800232302541851,0.01210797896023543,0.9859091847744432,61
5,RUS,raw,0.41044776119402987,0.46255506607929514,0.59,0.3777126500273014,0.8409592281930744,0.14329407063298077,0.2534458947458626,1.0,1473
5,RUS,sigmoid,0.0,,,0.3777126500273014,0.8409592281930744,0.040757474922545944,0.015083727685715429,1.0,1473
5,RUS,isotonic,0.19607843137254902,,,0.34577726277920884,0.8389375364856976,0.04246921892630028,0.009006917729316513,0.9937545963151275,77
6,None,raw,0.28,0.49382716049382713,0.10999999999999999,0.47681646467702105,0.887518601566235,0.0335423580418184,0.005316224175535452,1.0,1470
6,None,sigmoid,0.31496062992125984,,,0.47681646467702105,0.887518601566235,0.03424588105791733,0.00871978303738919,0.9999999999999998,1470
6,None,isotonic,0.2680965147453083,,,0.45268974634032005,0.888215529025177,0.033911310214478706,0.00639126153360147,0.9907231442650436,68
6,ClassWeight,raw,0.5032119914346895,0.5008944543828264,0.30999999999999994,0.46780662522512717,0.8830710596664175,0.04930169330964833,0.05596470616865849,1.0,1474
6,ClassWeight,sigmoid,0.33078880407124683,,,0.46780662522512717,0.8830710596664175,0.03437181473883986,0.009208895504279413,0.9999999999999998,1474
6,ClassWeight,isotonic,0.23097826086956522,,,0.439480938501577,0.8808119373236639,0.03367900470610542,0.009710281091111994,0.9881410737852067,55
6,B-SMOTE,raw,0.4672897196261682,0.47186932849364793,0.4799999999999999,0.44877627345239895,0.8653347608562444,0.07766130964843589,0.1404745188087989,1.0,1428
6,B-SMOTE,sigmoid,0.1780821917808219,,,0.44877627345239895,0.8653347608562444,0.0350944432950244,0.011481382418546763,1.0,1428
6,B-SMOTE,isotonic,0.24128686327077747,,,0.41760261014222916,0.8655435024139951,0.03467618976152205,0.008404067868819521,0.9880544985666572,68
6,SMOTE,raw,0.4965753424657534,0.4865424430641822,0.62,0.4510308905078413,0.8896497855348834,0.08870474448330241,0.1735777021069059,1.0,1427
6,SMOTE,sigmoid,0.09803921568627451,,,0.4510308905078413,0.8896497855348834,0.03535803826891216,0.010862234290619678,1.0,1427
6,SMOTE,isotonic,0.3116883116883117,,,0.411081260772808,0.8854311859887279,0.03492469369206666,0.009724354913402159,0.9835914020039784,58
6,ADASYN,raw,0.42045454545454547,0.466786355475763,0.18,0.41780589566974136,0.8574631840494515,0.04698257106103403,0.04017360556825015,1.0,1471
6,ADASYN,sigmoid,0.24064171122994651,,,0.41780589566974136,0.8574631840494515,0.03688803211691217,0.008948301099997396,0.9999999999999998,1471
6,ADASYN,isotonic,0.11204481792717087,,,0.39621116553914437,0.8526452942245923,0.03656752380688725,0.008670498374558843,0.993382585950844,80
6,RUS,raw,0.40829986613119146,0.47957371225577267,0.6599999999999999,0.4404714506800459,0.8704758634156853,0.13398446201640635,0.24935822864556262,1.0,1471
6,RUS,sigmoid,0.0,,,0.4404714506800459,0.8704758634156853,0.03726936137273245,0.014913182403380798,0.9999999999999998,1471
6,RUS,isotonic,0.09776536312849161,,,0.4086338644672377,0.8681359378892861,0.036017724831031175,0.010434187116275811,0.9918339472975818,57
7,None,raw,0.24539877300613497,0.4822834645669291,0.09999999999999999,0.3848980118835366,0.9012662664187975,0.03215668142611184,0.00924163902538952,1.0,1476
7,None,sigmoid,0.24539877300613497,,,0.3848980118835366,0.9012662664187975,0.03344296537165233,0.007108347338550559,1.0,1476
7,None,isotonic,0.24316109422492402,,,0.37066162939106645,0.9021424435437175,0.032638344514324125,0.014534619818074829,0.9729609652922458,54
7,ClassWeight,raw,0.44759825327510916,0.46568627450980393,0.24,0.3978078478502892,0.8930911528967178,0.05477613747856054,0.07400864532348585,1.0,1478
7,ClassWeight,sigmoid,0.2537313432835821,,,0.3978078478502892,0.8930911528967178,0.03264153232688263,0.015010188255815305,0.9999999999999998,1478
7,ClassWeight,isotonic,0.2153846153846154,,,0.3656177137014697,0.8876436168591718,0.03228641673221336,0.013617956008260042,0.9923451537955142,59
7,B-SMOTE,raw,0.45454545454545453,0.4665629860031104,0.29,0.3569036610610791,0.8901350074665528,0.07152949753241102,0.11646108055736247,1.0,1477
7,B-SMOTE,sigmoid,0.22388059701492538,,,0.3569036610610791,0.8901350074665528,0.03520384193965577,0.015482742615312609,1.0,1477
7,B-SMOTE,isotonic,0.23255813953488372,,,0.3378539143292009,0.8825998841922409,0.03460660925228629,0.018340154168083933,0.9888370543507791,68
7,SMOTE,raw,0.4268292682926829,0.43151969981238275,0.5599999999999999,0.35203513585012564,0.8823560783835676,0.09528006689134054,0.1813026159543067,1.0,1467
7,SMOTE,sigmoid,0.18633540372670807,,,0.35203513585012564,0.8823560783835676,0.03432977629609302,0.015538726014345377,1.0,1467
7,SMOTE,isotonic,0.23952095808383234,,,0.33568393110640127,0.8783066162801328,0.03376741515157926,0.013700444493943819,0.9939304049850403,58
7,ADASYN,raw,0.4110738255033557,0.40250447227191416,0.5399999999999999,0.3392651615643558,0.884382714168165,0.10104302851755512,0.19089191390849194,1.0,1469
7,ADASYN,sigmoid,0.08064516129032258,,,0.3392651615643558,0.884382714168165,0.034539164402185435,0.016630231421622437,1.0,1469
7,ADASYN,isotonic,0.21084337349397592,,,0.3092254790315549,0.8838760552220156,0.03418150305674559,0.014605139360521135,0.9943638159345066,71
7,RUS,raw,0.4050464807436919,0.4708097928436911,0.69,0.3282447720238113,0.8846722335659647,0.14899235399093622,0.27474321315041267,1.0,1475
7,RUS,sigmoid,0.0,,,0.3282447720238113,0.8846722335659647,0.03458538570035187,0.008360079092301423,1.0,1475
7,RUS,isotonic,0.21341463414634146,,,0.3144015891634063,0.8846798524974857,0.03440492881190415,0.016770796065993205,0.9944218796135217,66
8,None,raw,0.33816425120772947,0.493730407523511,0.07,0.4648936648218258,0.8689214422849327,0.038390947605969866,0.008394230224592524,1.0,1477
8,None,sigmoid,0.33653846153846156,,,0.4648936648218258,0.8689214422849327,0.039269802301814774,0.0072135343286665096,0.9999999999999999,1477
8,None,isotonic,0.39414414414414417,,,0.38782928566619124,0.8632669699918469,0.03990301397033242,0.0036752861554551625,0.9676192551822891,49
8,ClassWeight,raw,0.541871921182266,0.5082212257100149,0.42999999999999994,0.45033095846877264,0.8606567077821319,0.08967517254927627,0.15796353257583262,1.0,1474
8,ClassWeight,sigmoid,0.25925925925925924,,,0.45033095846877264,0.8606567077821319,0.039715339503365144,0.01283679908806394,1.0,1474
8,ClassWeight,isotonic,0.36384976525821594,,,0.40603062785084293,0.8570010256949739,0.03960047117296016,0.00813024348911729,0.9877560107029729,52
8,B-SMOTE,raw,0.4707792207792208,0.4791666666666667,0.35999999999999993,0.388493825913698,0.8487067038371512,0.09622165600852367,0.15926685262140686,1.0,1454
8,B-SMOTE,sigmoid,0.013262599469496022,,,0.388493825913698,0.8487067038371512,0.042057294143158265,0.013377671502639158,0.9999999999999999,1454
8,B-SMOTE,isotonic,0.05221932114882506,,,0.3727493354047544,0.849955947715856,0.04169151405055121,0.01285941596238147,0.9956341981447333,71
8,SMOTE,raw,0.5039370078740157,0.4927536231884058,0.4499999999999999,0.42157761795877297,0.8447025484575126,0.10263440249907635,0.17740854649656565,1.0,1458
8,SMOTE,sigmoid,0.06527415143603134,,,0.42157761795877297,0.8447025484575126,0.04132497581062897,0.01423813467409046,1.0,1458
8,SMOTE,isotonic,0.2125,,,0.405452503792206,0.8497784235857244,0.04025489258025292,0.008948153850435344,0.9908504744354146,60
8,ADASYN,raw,0.5078125,0.5083459787556904,0.4699999999999999,0.39079787427045065,0.8480787944139074,0.09911783388425675,0.17386694119538174,1.0,1459
8,ADASYN,sigmoid,0.0,,,0.39079787427045065,0.8480787944139074,0.041609881034305005,0.014754929438021105,1.0,1459
8,ADASYN,isotonic,0.13959390862944163,,,0.36656572887395306,0.8445611866501853,0.041379692833328076,0.015385425265657574,0.9917244508875812,68
8,RUS,raw,0.4713375796178344,0.5008347245409015,0.63,0.3802142918781998,0.8514747652736502,0.14707166432837915,0.2716668849488912,1.0,1390
8,RUS,sigmoid,0.0,,,0.3802142918781998,0.8514747652736502,0.04204664098539938,0.008484898810284056,1.0,1390
8,RUS,isotonic,0.0,,,0.37961332534961467,0.8474475975067721,0.041916523417394186,0.006736678846243542,0.9923480656626411,57
9,None,raw,0.23676880222841226,0.4369918699186992,0.09999999999999999,0.3566522416775977,0.870349314635841,0.03439517931088683,0.00796222861694253,1.0,1462
9,None,sigmoid,0.25,,,0.3566522416775977,0.870349314635841,0.03546604378374465,0.010493119241595662,1.0,1462
9,None,isotonic,0.30997304582210244,,,0.35001683011462426,0.8675875041234147,0.034698286436150784,0.005988371195195688,0.9567225094442865,69
9,ClassWeight,raw,0.42483660130718953,0.42218543046357615,0.5099999999999999,0.3710567046565401,0.8819089128924262,0.09913303321123038,0.18573550043384668,1.0,1471
9,ClassWeight,sigmoid,0.21739130434782608,,,0.3710567046565401,0.8819089128924262,0.03472233636825068,0.014516043646575851,1.0,1471
9,ClassWeight,isotonic,0.2777777777777778,,,0.35212089762226617,0.8749289368959636,0.03404468522987096,0.010911002064771627,0.9692070186812975,60
9,B-SMOTE,raw,0.43040293040293043,0.41522491349480967,0.4799999999999999,0.33097342278573155,0.8567192358172082,0.0845326136571747,0.14002317213655813,1.0,1462
9,B-SMOTE,sigmoid,0.17543859649122806,,,0.33097342278573155,0.8567192358172082,0.03598877868451984,0.011513149097148522,1.0,1462
9,B-SMOTE,isotonic,0.2949061662198391,,,0.3048031523235636,0.8621200317239733,0.0357751785899843,0.010692593830374433,0.9905865487392547,57
9,SMOTE,raw,0.44166666666666665,0.44166666666666665,0.49999999999999994,0.3477101171311752,0.8496023975463051,0.09765227671815707,0.18226321597138181,1.0,1451
9,SMOTE,sigmoid,0.21613832853025935,,,0.3477101171311752,0.8496023975463051,0.035698635246457895,0.011973325162009585,1.0,1451
9,SMOTE,isotonic,0.30997304582210244,,,0.3319621881238794,0.8465072045704981,0.03553179592797585,0.011501985962082548,0.9857880893380779,62
9,ADASYN,raw,0.45,0.41411042944785276,0.4799999999999999,0.34157186135482515,0.8623762098274131,0.10421598626323444,0.19550402297071465,1.0,1420
9,ADASYN,sigmoid,0.0,,,0.34157186135482515,0.8623762098274131,0.03550285504521805,0.010848799937170198,1.0,1420
9,ADASYN,isotonic,0.25280898876404495,,,0.3009631285710472,0.8528309435074641,0.03559486610501987,0.00884683168538765,0.9751928798144949,54
9,RUS,raw,0.3652058432934927,0.4137323943661972,0.6599999999999999,0.32995558014280557,0.8560840544922409,0.14706382602877124,0.2731835935548272,1.0,1471
9,RUS,sigmoid,0.0,,,0.32995558014280557,0.8560840544922409,0.0363358941198349,0.014634360043351865,1.0,1471
9,RUS,isotonic,0.09063444108761329,,,0.3013163293261744,0.85901782016999,0.03524280700842402,0.007063394780498526,0.9915219538954111,54
10,None,raw,0.2558139534883721,0.46296296296296297,0.09,0.3722105920049494,0.8188749065837371,0.04260310165843468,0.01689183749993083,1.0,1453
10,None,sigmoid,0.2777777777777778,,,0.3722105920049494,0.8188749065837371,0.04397502659139516,0.017631127429046246,1.0,1453
10,None,isotonic,0.2127659574468085,,,0.3687649076005482,0.8178413008365275,0.04276797591767106,0.01250893079529805,0.984065521022086,63
10,ClassWeight,raw,0.39697542533081287,0.45230263157894735,0.31999999999999995,0.37261204992071467,0.801517562257419,0.06472762848363302,0.06617313034884947,1.0,1464
10,ClassWeight,sigmoid,0.3131991051454139,,,0.37261204992071467,0.801517562257419,0.0458950031524555,0.020438422977855534,1.0,1464
10,ClassWeight,isotonic,0.21428571428571427,,,0.3453401588842539,0.7997968949639596,0.045168204693644486,0.01619877783988248,0.9927887741410069,68
10,B-SMOTE,raw,0.34303534303534305,0.45718432510885343,0.05,0.32839427895878864,0.8122694727706661,0.05647972547886898,0.04958281001863135,1.0,1469
10,B-SMOTE,sigmoid,0.2696629213483146,,,0.32839427895878864,0.8122694727706661,0.04604266045283524,0.014647230942939122,0.9999999999999998,1469
10,B-SMOTE,isotonic,0.19002375296912113,,,0.29375227986482366,0.8066102552976061,0.044850650280200605,0.011125749467993416,0.9948525984484726,86
10,SMOTE,raw,0.4351032448377581,0.451559934318555,0.5599999999999999,0.3618580769597698,0.8150508666618452,0.10019340577775933,0.1771933174175276,1.0,1418
10,SMOTE,sigmoid,0.13381995133819952,,,0.3618580769597698,0.8150508666618452,0.043526669428650785,0.012580950429544243,0.9999999999999998,1418
10,SMOTE,isotonic,0.2014218009478673,,,0.3425185947144688,0.8140865697548275,0.04285682529010326,0.00712911235037404,0.9865113257612593,52
10,ADASYN,raw,0.33268101761252444,0.46405228758169936,0.06,0.3222926738159799,0.8154697331308309,0.05952513879272039,0.04971442044935596,1.0,1469
10,ADASYN,sigmoid,0.2336448598130841,,,0.3222926738159799,0.8154697331308309,0.04666058068996543,0.01695050421353937,0.9999999999999998,1469
10,ADASYN,isotonic,0.19002375296912113,,,0.30287276559535176,0.8080476603746294,0.04497238023419731,0.012926650124890603,0.9582924057237154,74
10,RUS,raw,0.4093198992443325,0.4292929292929293,0.69,0.3454315455698818,0.8149363564041369,0.1425530607856844,0.265940067356741,1.0,1450
10,RUS,sigmoid,0.0,,,0.3454315455698818,0.8149363564041369,0.04469086978778465,0.02118035859246162,1.0,1450
10,RUS,isotonic,0.25,,,0.32981317990022674,0.8127184735179962,0.04418701711770904,0.016364573714336455,0.9938037503678314,72
11,None,raw,0.3482587064676617,0.5434782608695652,0.13,0.501504051075703,0.8966827254870733,0.034268347251240124,0.013031694787524055,1.0,1474
11,None,sigmoid,0.35802469135802467,,,0.501504051075703,0.8966827254870733,0.03541225769204795,0.014900314231138755,1.0,1474
11,None,isotonic,0.35802469135802467,,,0.48545188225970837,0.896795535382492,0.034836327811907104,0.009231980333747645,0.9803116381780281,53
11,ClassWeight,raw,0.49,0.5169491525423728,0.27999999999999997,0.4827737835072008,0.8927277432712216,0.05271154492305711,0.0602496781060712,1.0,1470
11,ClassWeight,sigmoid,0.32019704433497537,,,0.4827737835072008,0.8927277432712216,0.03707057820067005,0.009215826728303718,1.0,1470
11,ClassWeight,isotonic,0.2904040404040404,,,0.4508735622872374,0.8894396666135798,0.03652403387732331,0.01180128977086521,0.9773930991525485,71
11,B-SMOTE,raw,0.5350877192982456,0.5350877192982456,0.49999999999999994,0.4443324735719956,0.8685698359611403,0.08014131338350478,0.14379064876929515,1.0,1454
11,B-SMOTE,sigmoid,0.06756756756756757,,,0.4443324735719956,0.8685698359611403,0.03773918525277831,0.012851409481470209,1.0,1454
11,B-SMOTE,isotonic,0.14360313315926893,,,0.43716916312277837,0.8700131390348781,0.037482096806043176,0.021312166101197405,0.990049021969962,84
11,SMOTE,raw,0.4662379421221865,0.4863481228668942,0.5299999999999999,0.4467397492237383,0.8637090566438392,0.09023581265725258,0.17157820761033177,1.0,1456
11,SMOTE,sigmoid,0.12,,,0.4467397492237383,0.8637090566438392,0.03812962713249746,0.010950761030369988,1.0,1456
11,SMOTE,isotonic,0.20671834625322996,,,0.41201094028227514,0.8638583638583639,0.03783427404782325,0.010115341544865656,0.9875967669201366,51
11,ADASYN,raw,0.5072463768115942,0.4848966613672496,0.38999999999999996,0.4367368773893596,0.8683475341084037,0.07333776317341811,0.12731310347991803,1.0,1465
11,ADASYN,sigmoid,0.15789473684210525,,,0.4367368773893596,0.8683475341084037,0.03864144749792584,0.009431150636896354,0.9999999999999999,1465
11,ADASYN,isotonic,0.23136246786632392,,,0.41152224317280445,0.8744624940277115,0.0377729486802109,0.006445581493654,0.9921709619675912,57
11,RUS,raw,0.4691358024691358,0.4846153846153846,0.62,0.3820052677875384,0.8871469713861019,0.15829945837134315,0.29961529262385234,1.0,1468
11,RUS,sigmoid,0.0,,,0.3820052677875384,0.8871469713861019,0.03995826333431036,0.013328007134193532,1.0,1468
11,RUS,isotonic,0.06666666666666667,,,0.34885911261742364,0.8852922439878962,0.03970014390802858,0.011002147908369961,0.9940074028617607,76
12,None,raw,0.2807486631016043,0.5268595041322314,0.13,0.4472800799359276,0.883632041928942,0.03302543566409335,0.006791041013392463,1.0,1475
12,None,sigmoid,0.2807486631016043,,,0.4472800799359276,0.883632041928942,0.0339409697423314,0.011343630892973121,1.0,1475
12,None,isotonic,0.23097826086956522,,,0.41198571482629265,0.8793094366456845,0.033235742717250036,0.007857848151781057,0.9912133194222337,68
12,ClassWeight,raw,0.4665314401622718,0.4695222405271829,0.31999999999999995,0.4207035131057527,0.8755596670968422,0.058464529564466954,0.09284604531481508,1.0,1477
12,ClassWeight,sigmoid,0.36175710594315247,,,0.4207035131057527,0.8755596670968422,0.03450140564752421,0.010156947305746011,1.0,1477
12,ClassWeight,isotonic,0.2185792349726776,,,0.395229782887294,0.8752831257078143,0.03422404063403791,0.00785773582645887,0.9842915209323903,68
12,B-SMOTE,raw,0.5008488964346349,0.5019685039370079,0.62,0.4010503177909669,0.8826443941109854,0.0998198669920204,0.20157622448601167,1.0,1371
12,B-SMOTE,sigmoid,0.0,,,0.4010503177909669,0.8826443941109854,0.034990389359427075,0.010532527798308364,0.9999999999999998,1371
12,B-SMOTE,isotonic,0.25132275132275134,,,0.380280199835504,0.8856534277963602,0.03482160458191581,0.00973084591606684,0.9879164678414332,64
12,SMOTE,raw,0.45454545454545453,0.4552238805970149,0.5099999999999999,0.4058174589659811,0.8750823039848297,0.11309890628740157,0.22696351501326326,1.0,1321
12,SMOTE,sigmoid,0.08522727272727272,,,0.4058174589659811,0.8750823039848297,0.03487313772917288,0.011169229953665141,1.0,1321
12,SMOTE,isotonic,0.26595744680851063,,,0.3877439789777574,0.8746049408728173,0.03434921955658243,0.0064280957619576124,0.9868567871978381,67
12,ADASYN,raw,0.4423380726698262,0.48214285714285715,0.58,0.37584228196596353,0.8757275672258947,0.1000904369234957,0.19204296275458377,1.0,1442
12,ADASYN,sigmoid,0.0,,,0.37584228196596353,0.8757275672258947,0.035350162930245774,0.012236211443292427,1.0,1442
12,ADASYN,isotonic,0.24,,,0.36216672663754657,0.8723300587321235,0.03485193104562548,0.01120851304835678,0.982828778202318,72
12,RUS,raw,0.4150197628458498,0.4653284671532847,0.6699999999999999,0.3699425467265509,0.8592239721878375,0.14351704848158187,0.28018668596079616,1.0,1466
12,RUS,sigmoid,0.0,,,0.3699425467265509,0.8592239721878375,0.036262427858916854,0.01200469367505091,1.0,1466
12,RUS,isotonic,0.20380434782608695,,,0.363568980135669,0.8575680160130634,0.0350855553997506,0.00809955331092081,0.9864138019767132,56
13,None,raw,0.24390243902439024,0.375,0.10999999999999999,0.3393029781947088,0.8432542180810878,0.042356715395001895,0.015863493439094725,1.0,1413
13,None,sigmoid,0.25547445255474455,,,0.3393029781947088,0.8432542180810878,0.04315982070847335,0.015152728269270194,1.0,1413
13,None,isotonic,0.25547445255474455,,,0.3267060186299887,0.8401976832032233,0.04227672004198178,0.013869493658457797,0.995985127213135,72
13,ClassWeight,raw,0.43681747269890797,0.43681747269890797,0.49999999999999994,0.36236481332344744,0.8553166708637623,0.09760430193154407,0.16485892264905055,1.0,1477
13,ClassWeight,sigmoid,0.0,,,0.36236481332344744,0.8553166708637623,0.04300138622783965,0.017326360882897126,1.0,1477
13,ClassWeight,isotonic,0.10230179028132992,,,0.32033236433082857,0.8515172500629564,0.0422891190823498,0.010046973383216473,0.9945367474417274,65
13,B-SMOTE,raw,0.40955631399317405,0.4616588419405321,0.4499999999999999,0.34087581814070755,0.8462509443465123,0.08539009362323877,0.1338381135618039,1.0,1463
13,B-SMOTE,sigmoid,0.0,,,0.34087581814070755,0.8462509443465123,0.04319058753995313,0.012858472026354187,1.0,1463
13,B-SMOTE,isotonic,0.12626262626262627,,,0.3360991546098045,0.8449068244774616,0.04244631121880378,0.004978188228686451,0.9968243520335378,75
13,SMOTE,raw,0.47655068078668683,0.45702592087312416,0.43999999999999995,0.355752919679682,0.8484418282548476,0.09851681950518941,0.16584879373282985,1.0,1437
13,SMOTE,sigmoid,0.013123359580052493,,,0.355752919679682,0.8484418282548476,0.04311756446949664,0.0101365338816981,1.0,1437
13,SMOTE,isotonic,0.2536231884057971,,,0.3284406905041307,0.8427537144296147,0.042363200217449104,0.008340357787523416,0.9787177078809312,43
13,ADASYN,raw,0.44525547445255476,0.4391371340523883,0.5199999999999999,0.32497085471379633,0.8447525812137999,0.10573302476118303,0.17988018035450154,1.0,1417
13,ADASYN,sigmoid,0.0,,,0.32497085471379633,0.8447525812137999,0.04333826503729918,0.01614435265588605,1.0,1417
13,ADASYN,isotonic,0.08974358974358974,,,0.3065324201025507,0.8464177788970033,0.04304833030350117,0.012382419305538888,0.9963401072523053,74
13,RUS,raw,0.4368932038834951,0.3785211267605634,0.62,0.3050356677662946,0.849908713170486,0.13393371141243168,0.2636238542497664,1.0,1467
13,RUS,sigmoid,0.0,,,0.3050356677662946,0.849908713170486,0.04411355543048543,0.01705747131976257,1.0,1467
13,RUS,isotonic,0.06426735218508997,,,0.28800186785028925,0.8516400151095441,0.04427633916084524,0.01737341034936602,0.9941892866876583,65
14,None,raw,0.25815217391304346,0.4174573055028463,0.09,0.35991900253982767,0.8610227209289343,0.03643552139235309,0.00773635614850668,1.0,1455
14,None,sigmoid,0.28225806451612906,,,0.35991900253982767,0.8610227209289343,0.03753042811326727,0.008321247894873256,0.9999999999999998,1455
14,None,isotonic,0.28225806451612906,,,0.33274205999026674,0.8556006810696143,0.03747130262640645,0.012215337862765322,0.9657731550262187,54
14,ClassWeight,raw,0.4244482173174873,0.39748953974895396,0.6499999999999999,0.3188577376820947,0.8551645453022944,0.09942368077397593,0.19251041836911736,1.0,1458
14,ClassWeight,sigmoid,0.2452316076294278,,,0.3188577376820947,0.8551645453022944,0.038601161720238565,0.01388380839423819,1.0,1458
14,ClassWeight,isotonic,0.30666666666666664,,,0.30597852605368864,0.852607045162731,0.03900010976103898,0.012847217778004077,0.9723299627209331,66
14,B-SMOTE,raw,0.39752650176678445,0.4226475279106858,0.42999999999999994,0.32621324091509674,0.8459463797242226,0.09350293718013572,0.15213087322242433,1.0,1408
14,B-SMOTE,sigmoid,0.16901408450704225,,,0.32621324091509674,0.8459463797242226,0.03934587610272169,0.016029806032440714,1.0,1408
14,B-SMOTE,isotonic,0.2864583333333333,,,0.3161688019081816,0.8423421537430916,0.03833995087623073,0.009308345955614434,0.9851932107194528,64
14,SMOTE,raw,0.4094076655052265,0.4,0.4799999999999999,0.31492793560896437,0.8469303020152961,0.09591821064131598,0.16759228633935225,1.0,1446
14,SMOTE,sigmoid,0.2077562326869806,,,0.31492793560896437,0.8469303020152961,0.0392501562910434,0.01589611428859102,1.0,1446
14,SMOTE,isotonic,0.20604395604395603,,,0.28855426084562635,0.8435772902361414,0.039236557332024954,0.017371689758846252,0.9880554649000615,68
14,ADASYN,raw,0.4166666666666667,0.4207920792079208,0.5099999999999999,0.31484729653534343,0.8518987606766036,0.10376067575604503,0.18181225150490607,1.0,1450
14,ADASYN,sigmoid,0.16806722689075632,,,0.31484729653534343,0.8518987606766036,0.03919587760411991,0.012088509214280896,1.0,1450
14,ADASYN,isotonic,0.2918781725888325,,,0.2836677969964818,0.8479386479093396,0.04067638469040928,0.013921742308130433,0.9867076110741834,67
14,RUS,raw,0.4027777777777778,0.41742286751361163,0.6599999999999999,0.3042791369649833,0.8525756433874838,0.1372338718102295,0.2532917827659146,1.0,1464
14,RUS,sigmoid,0.0,,,0.3042791369649833,0.8525756433874838,0.0383259657830899,0.013747338634479838,1.0,1464
14,RUS,isotonic,0.14124293785310735,,,0.30999113189189254,0.8500355886786134,0.037580642148030946,0.006196850273425187,0.9904687539181062,64
15,None,raw,0.2564102564102564,0.5350877192982456,0.07,0.4697309789680693,0.8859360249401743,0.03218281121218852,0.005502069391082651,1.0,1477
15,None,sigmoid,0.25787965616045844,,,0.4697309789680693,0.8859360249401743,0.033755460428335625,0.013302337837196313,1.0,1477
15,None,isotonic,0.3089887640449438,,,0.4274355560650438,0.8817866473468133,0.03248710198615243,0.006683186923176873,0.9863934868209357,64
15,ClassWeight,raw,0.5417406749555951,0.5327102803738317,0.5299999999999999,0.45619271266112155,0.8846846253485257,0.08323904102253059,0.15438955217363878,1.0,1476
15,ClassWeight,sigmoid,0.2028985507246377,,,0.45619271266112155,0.8846846253485257,0.033632861761790735,0.014941663556310188,1.0,1476
15,ClassWeight,isotonic,0.24079320113314448,,,0.4095294904611447,0.8854530286065555,0.03329137667237419,0.014631699011882352,0.9716697783813563,61
15,B-SMOTE,raw,0.4537205081669691,0.47703180212014135,0.48999999999999994,0.41458329935273125,0.8752149699590916,0.08975274735360088,0.15756981865802097,1.0,1402
15,B-SMOTE,sigmoid,0.0,,,0.41458329935273125,0.8752149699590916,0.03583764391025318,0.013348922163565898,1.0,1402
15,B-SMOTE,isotonic,0.268361581920904,,,0.3820513464319313,0.875588194398706,0.03442066353270622,0.010193237814919523,0.9936881932202681,65
15,SMOTE,raw,0.4753521126760563,0.45540796963946867,0.57,0.4122729745008784,0.878859396840033,0.08716874243225158,0.15892719976367997,1.0,1469
15,SMOTE,sigmoid,0.13432835820895522,,,0.4122729745008784,0.878859396840033,0.034949569567440636,0.011132500431208283,1.0,1469
15,SMOTE,isotonic,0.25139664804469275,,,0.35452527493647124,0.8754930587572358,0.034972874779387986,0.012750137061864661,0.9846939165260017,71
15,ADASYN,raw,0.45385779122541603,0.4552980132450331,0.5599999999999999,0.38845244171183013,0.8715449296362159,0.11763087757125418,0.22608050735608345,1.0,1374
15,ADASYN,sigmoid,0.0,,,0.38845244171183013,0.8715449296362159,0.03561619139517599,0.012071909563242965,1.0,1374
15,ADASYN,isotonic,0.30386740331491713,,,0.35073454994129766,0.8717095874772224,0.03526819108389079,0.006739935041083932,0.9692202152758466,50
15,RUS,raw,0.4489795918367347,0.5094339622641509,0.8099999999999999,0.37523036489722367,0.8875533308451704,0.15325126790033236,0.24983370544523745,1.0,1469
15,RUS,sigmoid,0.0,,,0.37523036489722367,0.8875533308451704,0.0365501891292865,0.012537233724963584,1.0,1469
15,RUS,isotonic,0.14705882352941177,,,0.36868111983987334,0.8875789442871048,0.03453302859411396,0.012841421452404118,0.9916908948319471,80
